timestamp,open,high,low,close,volume
1746572400000,96259.94,96920.65,96102.72,96834.02,1561.0235
1746568800000,94688.99,96293.88,94684.77,96259.94,2145.62831
1746565200000,94682.23,94800.0,94452.75,94688.99,258.69487
1746561600000,94963.5,95020.0,94632.5,94682.23,334.30989
1746558000000,95067.36,95157.0,94923.49,94963.5,488.90954
1746554400000,94535.93,95088.0,94504.84,95067.36,617.6658
1746550800000,94241.01,94856.53,94232.05,94535.93,527.86999
1746547200000,94558.94,94850.0,94216.0,94241.01,702.36173
1746543600000,94147.01,94733.38,94080.09,94558.95,655.62537
1746540000000,93616.91,94705.17,93612.01,94147.02,1158.07394
1746536400000,93936.0,94019.86,93377.0,93616.92,1216.74306
1746532800000,93812.53,94040.0,93761.97,93935.99,892.19632
1746529200000,93942.83,94066.55,93720.63,93812.54,569.28808
1746525600000,94211.96,94329.63,93861.93,93942.83,952.04682
1746522000000,94375.89,94375.9,94113.02,94211.96,394.38809
1746518400000,94400.98,94400.99,94003.0,94375.9,750.85954
1746514800000,94498.12,94638.01,94348.57,94400.99,463.16874
1746511200000,94345.57,94498.12,94335.11,94498.11,166.28019
1746507600000,94574.57,94603.03,94308.63,94345.56,415.59566
1746504000000,94454.01,94583.82,94350.83,94574.57,265.48199
1746500400000,94334.99,94512.33,94233.96,94454.01,443.01047
1746496800000,94312.59,94400.0,94012.78,94334.99,407.51157
1746493200000,94598.89,94926.99,94312.59,94312.6,370.75779
1746489600000,94733.68,94779.99,94428.58,94598.89,365.15387
1746486000000,95049.48,95129.76,94724.52,94733.68,389.87902
1746482400000,94719.83,95199.0,94719.82,95049.48,601.63917
1746478800000,94242.01,94831.75,94242.01,94719.82,385.77053
1746475200000,94347.16,94365.19,93876.0,94242.02,332.90812
1746471600000,94730.39,94900.0,94289.92,94347.17,408.27957
1746468000000,94500.01,94900.0,94443.56,94730.39,448.44051
1746464400000,94206.31,94625.0,94060.59,94500.0,808.59817
1746460800000,93770.32,94280.0,93759.63,94206.31,673.96047
1746457200000,93879.37,93977.13,93613.66,93770.31,718.82999
1746453600000,94226.38,94531.74,93730.43,93879.37,1219.57947
1746450000000,94333.33,94413.92,93635.78,94226.38,1740.41182
1746446400000,94038.19,94346.59,93908.3,94333.33,505.90389
1746442800000,94121.88,94282.48,93888.0,94038.18,690.58723
1746439200000,94550.62,94558.0,94047.79,94121.89,686.41681
1746435600000,94559.2,94648.47,94467.65,94550.63,422.95101
1746432000000,94761.91,94798.01,94489.93,94559.19,741.14212
1746428400000,94761.14,94825.46,94528.36,94761.91,686.95355
1746424800000,94732.77,94774.11,94573.59,94761.13,572.76764
1746421200000,94409.66,94757.62,94228.57,94732.77,548.84952
1746417600000,94031.47,94443.69,94020.66,94409.66,527.17304
1746414000000,94236.66,94299.25,94016.6,94031.47,708.86733
1746410400000,93929.0,94400.2,93514.1,94236.67,1251.31986
1746406800000,94724.12,94754.97,93711.08,93929.0,1247.1533
1746403200000,94277.61,94808.4,94200.0,94724.11,932.79975
1746399600000,95015.82,95037.4,94151.38,94277.62,1308.4485
1746396000000,95676.0,95690.48,94724.57,95015.82,1114.48671
1746392400000,95719.99,95758.08,95630.0,95675.99,158.95366
1746388800000,95584.07,95735.0,95582.25,95719.99,158.45621
1746385200000,95389.07,95640.98,95348.3,95584.07,198.19245
1746381600000,95410.08,95493.05,95364.0,95389.07,159.81219
1746378000000,95341.57,95481.62,95239.33,95410.08,233.31093
1746374400000,95467.6,95568.0,95300.0,95341.56,272.45717
1746370800000,95611.0,95690.48,95424.5,95467.6,299.31438
1746367200000,95369.38,95647.8,95313.7,95611.07,530.30708
1746363600000,95462.24,95595.24,95209.07,95369.37,674.42935
1746360000000,95423.19,95594.58,95417.15,95462.24,477.89798
1746356400000,95400.47,95550.0,95360.0,95423.2,536.26108
1746352800000,95485.01,95525.67,95286.78,95400.47,773.39161
1746349200000,95647.27,95689.65,95440.82,95485.01,310.07736
1746345600000,95879.99,95923.54,95423.16,95647.27,527.23215
1746342000000,95905.75,96082.8,95808.8,95879.99,490.02708
1746338400000,96042.71,96142.86,95866.06,95905.74,692.73061
1746334800000,95725.52,96134.93,95692.7,96042.72,424.92585
1746331200000,95722.22,95939.33,95722.22,95725.52,172.37453
1746327600000,95892.28,95898.94,95667.94,95722.23,179.1173
1746324000000,96099.94,96304.48,95804.68,95892.28,417.46141
1746320400000,95880.95,96185.67,95588.0,96099.94,601.08361
1746316800000,95856.42,96042.92,95772.4,95880.95,325.63422
1746313200000,96170.19,96173.53,95753.01,95856.42,689.66646
1746309600000,96266.17,96369.37,96166.67,96170.18,201.41291
1746306000000,96341.29,96441.49,96238.09,96266.17,190.04681
1746302400000,96354.34,96388.89,96290.69,96341.29,104.27579
1746298800000,96146.98,96357.15,96125.15,96354.34,116.44402
1746295200000,96191.57,96271.5,96100.0,96146.99,126.74718
1746291600000,96215.4,96215.4,95869.68,96191.56,350.19773
1746288000000,96418.68,96428.33,96080.59,96215.41,306.55723
1746284400000,96380.96,96509.44,96325.65,96418.68,188.69143
1746280800000,96329.99,96459.67,96292.63,96380.95,304.05512
1746277200000,96120.43,96330.0,96106.53,96330.0,346.99789
1746273600000,95942.01,96163.81,95880.65,96120.42,608.21922
1746270000000,95896.49,96083.53,95865.0,95942.02,562.672
1746266400000,96254.02,96254.02,95852.29,95896.5,1141.24134
1746262800000,96281.0,96396.23,96173.0,96254.01,318.86883
1746259200000,96322.68,96421.91,96150.0,96281.0,599.65552
1746255600000,96183.5,96391.7,96157.1,96322.68,410.18653
1746252000000,96417.15,96417.15,96132.67,96183.5,539.08747
1746248400000,96519.04,96593.0,96407.97,96417.14,306.91209
1746244800000,96337.5,96589.2,96307.88,96519.05,252.68819
1746241200000,96533.5,96535.96,96300.02,96337.5,761.61563
1746237600000,96493.93,96699.98,96487.07,96533.51,275.57053
1746234000000,96700.46,96722.4,96435.16,96493.94,462.40221
1746230400000,96887.13,96935.67,96612.87,96700.45,559.13625
1746226800000,96649.01,96896.83,96594.33,96887.14,243.97992
1746223200000,96726.07,96792.46,96579.36,96649.01,352.15656
1746219600000,97022.31,97038.79,96561.57,96726.08,258.87096
1746216000000,96924.23,97136.0,96844.05,97022.31,243.50865
1746212400000,97171.0,97182.54,96769.84,96924.23,599.44153
1746208800000,97402.55,97619.0,97155.68,97171.0,376.68171
1746205200000,97348.69,97433.58,97053.46,97402.55,507.605
1746201600000,97330.19,97783.02,97325.51,97348.69,848.97951
1746198000000,97748.41,97891.19,97063.0,97330.19,954.92275
1746194400000,96772.08,97895.68,96708.98,97748.4,2123.6506
1746190800000,97182.54,97290.29,96672.46,96772.08,1075.20432
1746187200000,96928.97,97182.54,96650.94,97182.53,893.40406
1746183600000,96888.0,97100.0,96886.47,96928.97,567.753
1746180000000,96596.68,96927.92,96596.68,96888.0,367.39386
1746176400000,96636.2,96788.0,96460.73,96596.68,417.01278
1746172800000,96350.01,96775.77,96350.0,96636.2,508.11116
1746169200000,96715.0,96729.2,96350.0,96350.0,935.27663
1746165600000,96707.54,96892.34,96562.98,96715.0,383.92171
1746162000000,96939.85,97010.55,96631.74,96707.54,534.68119
1746158400000,97102.32,97309.78,96868.35,96939.86,579.01103
1746154800000,96952.59,97233.1,96952.58,97102.32,434.57258
1746151200000,96970.4,97040.0,96722.41,96952.58,449.57315
1746147600000,97042.96,97179.97,96772.0,96970.4,566.90548
1746144000000,96489.9,97052.48,96466.21,97042.97,683.12997
1746140400000,96372.34,96500.0,96184.19,96489.91,369.63988
1746136800000,96464.56,96643.08,96369.31,96372.33,304.90158
1746133200000,96407.91,96774.73,96390.26,96464.55,292.34865
1746129600000,96523.26,96885.77,96312.24,96407.9,818.39622
1746126000000,96869.56,96882.72,96424.44,96523.26,718.87913
1746122400000,96794.18,96975.3,96425.22,96869.55,745.78922
1746118800000,97007.15,97216.99,96514.24,96794.17,775.85599
1746115200000,96854.31,97367.26,96854.3,97007.14,960.27808
1746111600000,96828.0,97424.02,96751.3,96854.3,2068.94782
1746108000000,95809.52,96908.28,95809.52,96827.99,2767.87823
1746104400000,96373.2,96734.89,95769.66,95809.52,1740.4931
1746100800000,96180.01,96463.18,96116.14,96373.2,822.173
1746097200000,96169.01,96250.4,95836.57,96180.01,787.87727
1746093600000,95520.99,96396.31,95520.98,96169.01,1865.7971
1746090000000,95210.16,95817.78,95140.18,95520.99,1159.84689
1746086400000,95025.84,95210.16,94913.04,95210.16,423.56462
1746082800000,94888.85,95130.01,94800.0,95025.84,476.89004
1746079200000,95147.97,95180.0,94806.23,94888.85,467.41491
1746075600000,94860.51,95178.11,94840.38,95147.96,677.05143
1746072000000,94782.6,94934.99,94714.38,94860.51,258.99247
1746068400000,94867.46,95040.3,94688.75,94782.6,1157.63769
1746064800000,94636.5,94972.5,94620.0,94867.46,891.42578
1746061200000,94405.46,94710.0,94398.51,94636.51,502.12633
1746057600000,94172.0,94405.47,94130.43,94405.47,326.248
1746054000000,94114.05,94333.34,94005.0,94172.0,355.66929
1746050400000,94418.99,94720.0,94059.69,94114.05,512.06584
1746046800000,94556.0,94784.1,94382.35,94419.0,330.16484
1746043200000,94152.01,94739.14,94109.46,94555.99,896.76548
1746039600000,94078.23,94266.36,93757.63,94152.01,432.10412
1746036000000,94100.39,94500.0,94009.12,94078.24,510.06539
1746032400000,93939.98,94267.14,93752.15,94100.39,402.85742
1746028800000,94004.63,94189.58,93528.71,93939.98,690.56111
1746025200000,93705.04,94112.18,93659.24,94004.63,722.10473
1746021600000,93032.58,94367.7,92910.0,93705.04,3158.62006
1746018000000,94555.89,94649.5,93026.0,93032.58,2712.01725
1746014400000,95176.66,95214.9,94349.29,94555.88,1664.41996
1746010800000,94946.52,95228.45,94928.44,95176.66,619.85078
1746007200000,94970.01,95022.49,94852.67,94946.52,316.93061
1746003600000,94718.19,95043.23,94667.69,94970.01,391.75434
1746000000000,94620.99,94809.52,94527.58,94718.18,332.70984
1745996400000,94752.0,94869.49,94500.0,94620.99,464.06662
1745992800000,94894.0,94970.31,94745.4,94751.99,295.17447
1745989200000,95054.76,95113.2,94869.57,94894.0,422.26665
1745985600000,95032.84,95180.0,94869.56,95054.75,666.1487
1745982000000,94641.99,95111.01,94496.87,95032.84,576.60185
1745978400000,94527.73,94785.0,94460.0,94641.99,360.20236
1745974800000,94546.79,94604.7,94287.71,94527.73,309.08102
1745971200000,94256.82,94631.23,94136.48,94546.79,519.07237
1745967600000,94163.67,94300.0,93742.54,94256.82,1020.00752
1745964000000,94735.65,94735.65,94000.01,94163.67,1003.3656
1745960400000,94839.31,94968.0,94350.0,94735.66,783.01509
1745956800000,95300.79,95408.0,94820.0,94839.32,361.89077
1745953200000,95391.29,95448.84,95224.93,95300.79,428.02418
1745949600000,95231.37,95438.0,95060.0,95391.29,703.13824
1745946000000,94954.74,95368.0,94658.99,95231.37,871.36794
1745942400000,94843.1,95459.99,94800.01,94954.74,1089.04376
1745938800000,95040.81,95129.2,94728.78,94843.1,429.05785
1745935200000,94800.0,95300.0,94531.85,95040.8,960.27981
1745931600000,94813.14,95033.7,94590.48,94800.01,835.05
1745928000000,95129.74,95164.35,94779.33,94813.14,647.8607
1745924400000,94817.32,95285.71,94810.63,95129.74,909.96441
1745920800000,94989.28,95042.61,94743.01,94817.32,592.08053
1745917200000,95030.01,95094.25,94787.15,94989.28,366.65829
1745913600000,94917.61,95093.55,94812.86,95030.0,502.20502
1745910000000,94780.01,94960.0,94704.81,94917.61,361.94456
1745906400000,94276.49,94811.29,94258.41,94780.0,377.80111
1745902800000,94353.32,94417.97,94200.0,94276.49,1647.45956
1745899200000,94658.75,94872.0,94290.07,94353.32,709.69675
1745895600000,94615.69,94809.53,94443.7,94658.76,375.84575
1745892000000,94857.49,94956.18,94504.81,94615.68,582.54028
1745888400000,95065.27,95461.53,94735.78,94857.49,993.29082
1745884800000,95011.18,95233.48,94829.3,95065.27,403.75166
1745881200000,94809.52,95180.0,94792.52,95011.18,768.18162
1745877600000,94549.97,94879.08,94480.0,94809.52,344.51726
1745874000000,94469.66,94550.0,94305.95,94549.97,195.96012
1745870400000,94786.73,94808.8,94373.35,94469.67,278.98826
1745866800000,94175.89,94920.0,94160.61,94787.2,738.28237
1745863200000,94100.39,94222.0,93787.61,94175.89,362.03308
1745859600000,93734.04,94110.0,93492.23,94100.39,398.76014
1745856000000,93833.5,94032.18,93444.0,93734.04,785.42906
1745852400000,94417.73,94523.81,93583.9,93833.51,1012.72231
1745848800000,93965.7,94900.0,93850.0,94417.73,1173.25656
1745845200000,95350.69,95518.5,93926.81,93965.7,2653.72474
1745841600000,95319.99,95630.0,95056.0,95350.69,2035.1513
1745838000000,95060.78,95550.0,95002.84,95319.99,1585.05499
1745834400000,94739.07,95223.78,94339.48,95060.77,1669.19469
1745830800000,94706.4,94887.99,94662.28,94739.07,636.29638
1745827200000,94692.49,94821.9,94591.61,94706.39,517.2708
1745823600000,94584.0,94800.0,94487.09,94692.49,675.73206
1745820000000,94224.28,94670.46,94224.27,94583.99,667.50641
1745816400000,94036.47,94333.0,93962.8,94224.28,693.5397
1745812800000,93849.93,94191.7,93849.93,94036.48,1136.67686
1745809200000,93621.64,93987.3,93470.01,93849.93,805.95446
1745805600000,92950.0,93637.5,92890.06,93621.64,932.01032
1745802000000,93419.9,93598.2,92800.01,92949.99,1271.62188
1745798400000,93749.29,93798.71,93287.98,93419.9,819.66814
1745794800000,93939.57,93939.57,93660.0,93749.3,287.74927
1745791200000,94328.3,94335.84,93641.7,93939.57,563.30862
1745787600000,94260.87,94545.45,94160.49,94328.29,242.97815
1745784000000,94433.49,94433.5,94260.86,94260.86,153.91584
1745780400000,94287.28,94434.79,94200.0,94433.5,194.86179
1745776800000,94043.79,94415.54,93991.8,94287.29,460.98794
1745773200000,93881.82,94158.01,93793.12,94043.78,383.55903
1745769600000,93901.09,93927.5,93727.08,93881.82,315.21521
1745766000000,93985.89,94004.82,93787.93,93901.08,230.15582
1745762400000,94060.09,94173.91,93928.13,93985.9,295.9622
1745758800000,93734.86,94086.96,93602.58,94060.09,453.7652
1745755200000,93920.0,93984.42,93682.93,93734.86,452.76244
1745751600000,94053.59,94082.13,93883.81,93920.01,336.14289
1745748000000,94159.87,94180.0,93940.0,94053.6,244.18725
1745744400000,94202.5,94229.21,94104.89,94159.87,229.44444
1745740800000,94065.99,94331.85,94020.0,94202.51,533.25085
1745737200000,94015.91,94142.52,93930.52,94065.98,384.30276
1745733600000,93923.89,94100.0,93880.0,94015.91,281.36839
1745730000000,94014.16,94173.92,93655.0,93923.88,744.11442
1745726400000,94156.22,94288.65,94013.0,94014.17,448.93525
1745722800000,94345.86,94465.0,94130.71,94156.21,429.84119
1745719200000,94117.6,94469.5,94050.15,94345.86,367.15753
1745715600000,94870.01,95369.0,94041.6,94117.6,2400.13887
1745712000000,94628.0,95001.58,94576.74,94870.01,728.73565
1745708400000,94781.86,94888.0,94555.0,94628.0,318.36561
1745704800000,94355.39,94800.0,94355.39,94781.86,481.03012
1745701200000,94087.01,94360.0,94087.0,94355.38,263.61098
1745697600000,94307.51,94380.96,94087.0,94087.0,180.72695
1745694000000,94154.71,94334.81,94095.23,94307.5,170.35998
1745690400000,94316.79,94372.0,94123.5,94154.71,229.99296
1745686800000,94286.92,94378.87,94222.33,94316.79,164.43394
1745683200000,94373.24,94373.24,94041.0,94286.92,267.47055
1745679600000,94240.01,94394.0,94184.23,94373.24,399.34843
1745676000000,94149.19,94271.38,93920.0,94240.01,340.90576
1745672400000,94245.91,94300.95,93870.69,94149.2,551.38869
1745668800000,94144.07,94320.0,94113.23,94245.9,347.1869
1745665200000,94209.03,94250.67,93990.6,94144.06,434.59897
1745661600000,94277.65,94394.44,94151.07,94209.03,270.11471
1745658000000,94318.03,94423.77,94120.5,94277.65,536.19777
1745654400000,94570.31,94733.54,94268.2,94318.04,506.57636
1745650800000,94630.42,94794.17,94570.31,94570.31,303.9016
1745647200000,94626.47,94743.88,94583.91,94630.42,283.09837
1745643600000,94537.0,94706.6,94380.72,94626.47,325.1239
1745640000000,94739.99,94830.93,94533.92,94536.99,497.93432
1745636400000,95000.0,95059.67,94710.0,94739.99,211.9504
1745632800000,95013.15,95157.73,94699.11,95000.0,426.17384
1745629200000,94880.68,95199.0,94751.12,95013.14,507.35698
1745625600000,94638.68,94935.97,94527.84,94880.69,1397.22066
1745622000000,94850.01,94973.4,94609.25,94638.68,423.11781
1745618400000,94608.69,94968.94,94587.21,94850.0,250.01053
1745614800000,94869.57,95034.36,94441.61,94608.69,426.67149
1745611200000,95291.0,95345.45,94777.0,94869.57,537.75825
1745607600000,94970.16,95318.26,94879.05,95291.0,754.0757
1745604000000,94527.79,95228.28,94527.79,94970.15,741.12878
1745600400000,95223.82,95554.99,94370.35,94527.79,1213.55237
1745596800000,95061.21,95381.52,94726.86,95223.81,827.35336
1745593200000,95368.0,95683.31,94804.82,95061.22,1808.96782
1745589600000,94400.01,95758.04,94391.3,95368.0,5315.61891
1745586000000,94417.29,94688.88,93929.41,94400.01,1246.62972
1745582400000,94635.67,94990.0,94270.81,94417.29,2501.32388
1745578800000,93634.02,94660.0,93634.02,94635.67,1638.14538
1745575200000,93816.42,93976.42,93581.39,93634.02,617.16074
1745571600000,93680.01,93873.41,93539.82,93816.42,500.01367
1745568000000,93772.27,93888.0,93624.63,93680.01,743.12893
1745564400000,93538.08,93860.0,93497.64,93772.26,1690.35511
1745560800000,93206.06,93612.57,93199.99,93538.07,522.40754
1745557200000,93058.58,93419.45,93013.56,93206.05,582.72597
1745553600000,93311.83,93498.0,93047.0,93058.58,668.38248
1745550000000,92992.33,93387.09,92855.96,93311.83,705.52433
1745546400000,93678.14,93897.59,92892.0,92992.33,1069.14984
1745542800000,93896.27,94444.0,93602.83,93678.13,1317.12816
1745539200000,93980.47,94006.0,93520.0,93896.28,1400.33571
1745535600000,93427.98,94005.0,93373.33,93980.47,1073.96811
1745532000000,93353.73,93582.73,93288.0,93427.98,355.09613
1745528400000,93391.3,93563.37,93024.0,93353.72,332.02854
1745524800000,93556.12,93666.0,93299.14,93390.66,646.10226
1745521200000,93380.0,93649.56,93189.49,93556.12,492.11945
1745517600000,93011.28,93463.67,92999.07,93380.0,426.75122
1745514000000,93346.07,93428.41,92666.62,93011.28,714.13836
1745510400000,93202.52,93595.22,93202.51,93346.08,871.05096
1745506800000,93101.84,93450.0,93011.93,93202.51,955.7157
1745503200000,92813.82,93400.0,92619.04,93101.83,1571.34785
1745499600000,92777.27,92966.34,92554.81,92813.83,1240.39922
1745496000000,92619.94,92805.67,92434.78,92777.27,679.77325
1745492400000,92550.89,92640.0,92270.67,92619.94,500.80279
1745488800000,92476.89,92657.69,92370.16,92550.89,612.2703
1745485200000,92017.75,92589.56,91976.76,92476.9,995.55388
1745481600000,92203.54,92357.58,91660.01,92017.75,1831.96132
1745478000000,92388.7,92636.53,92101.63,92203.55,1079.93964
1745474400000,92576.6,92666.67,92254.0,92388.69,820.57307
1745470800000,92746.67,92903.94,92527.62,92576.61,422.05332
1745467200000,92673.95,92839.46,92385.12,92746.66,1107.29168
1745463600000,93101.23,93329.63,92650.0,92673.95,783.62779
1745460000000,93489.18,93631.0,93050.0,93101.23,473.23812
1745456400000,93357.22,93618.88,93060.75,93489.18,619.94878
1745452800000,93691.07,93787.65,93234.31,93357.22,891.30897
1745449200000,93790.19,93841.3,93525.44,93691.08,334.21699
1745445600000,93485.51,93790.21,93238.1,93790.19,365.26246
1745442000000,93640.01,93917.53,93273.06,93485.5,399.0868
1745438400000,93497.88,93879.42,93476.2,93640.0,463.61912
1745434800000,93620.89,93620.89,92963.66,93497.88,907.78449
1745431200000,93894.38,94219.93,93620.89,93620.89,696.68663
1745427600000,93641.73,93959.47,93455.85,93894.37,1044.80234
1745424000000,93195.28,93770.19,92913.04,93641.74,1369.64971
1745420400000,92940.05,93238.87,91935.41,93195.28,2750.4464
1745416800000,93020.35,93665.99,92666.01,92940.06,1791.42787
1745413200000,93731.4,94696.05,92872.16,93020.22,3287.20024
1745409600000,93466.01,93857.14,93421.94,93731.4,715.78459
1745406000000,93745.04,93777.95,93324.45,93466.01,713.03617
1745402400000,93888.53,93900.0,93340.81,93745.19,1429.75497
1745398800000,94285.72,94398.97,93888.52,93888.52,800.21181
1745395200000,94133.82,94521.79,93913.04,94285.72,1366.71825
1745391600000,93628.14,94264.0,93490.9,94133.82,1204.3315
1745388000000,93478.43,93863.63,93420.0,93628.13,786.54566
1745384400000,93665.99,93665.99,93280.79,93478.42,860.57425
1745380800000,93168.91,93666.0,93017.46,93665.99,901.69092
1745377200000,92868.76,93223.82,92689.4,93168.91,618.12497
1745373600000,92640.0,93254.68,92604.92,92868.77,1092.0426
1745370000000,92896.99,93496.8,92580.18,92640.0,1413.92377
1745366400000,93442.99,93909.05,92784.22,92896.99,2091.24557
1745362800000,92786.19,93860.85,92786.19,93442.99,2251.12861
1745359200000,93039.99,93354.93,92537.93,92786.19,1634.66903
1745355600000,91111.72,93888.0,91060.0,93039.99,6118.16636
1745352000000,91414.78,91509.75,91065.83,91111.72,806.20698
1745348400000,91504.36,91695.0,90905.0,91414.79,1351.76469
1745344800000,91396.14,91666.0,91140.15,91504.36,1300.89104
1745341200000,90673.1,91480.0,90666.66,91396.14,1899.09572
1745337600000,90934.61,91041.97,90624.03,90673.1,1828.95989
1745334000000,90797.73,91439.46,90383.84,90934.61,4856.8485
1745330400000,90236.16,90942.15,90026.76,90797.73,3885.34174
1745326800000,88992.71,90499.0,88944.01,90236.16,5026.97136
1745323200000,88614.09,89220.35,88482.0,88992.7,1583.02158
1745319600000,88513.71,88701.93,88479.66,88614.1,773.70793
1745316000000,88574.33,88596.97,88241.33,88513.71,602.16176
1745312400000,88414.33,88600.0,88312.7,88574.34,616.35026
1745308800000,88476.82,88688.0,88320.0,88414.33,667.61336
1745305200000,88246.46,88486.0,88172.18,88476.83,948.01204
1745301600000,88391.27,88459.03,88000.0,88246.46,556.23716
1745298000000,88056.79,88413.12,87953.86,88391.27,539.11056
1745294400000,88157.55,88368.83,88021.73,88056.79,677.78988
1745290800000,88169.21,88282.06,87826.08,88157.55,1074.60544
1745287200000,88400.0,88684.43,87896.8,88169.21,1117.66736
1745283600000,87709.86,88877.0,87513.87,88400.01,2420.38751
1745280000000,87516.22,87731.81,87076.03,87709.85,1336.03829
1745276400000,87168.08,87625.68,87030.65,87516.23,776.75733
1745272800000,87275.01,87282.75,86928.74,87168.08,469.52485
1745269200000,87367.92,87385.94,86887.15,87275.0,492.56287
1745265600000,87415.09,87440.5,87144.69,87367.92,445.85734
1745262000000,86786.29,87488.0,86712.5,87415.1,1154.45036
1745258400000,86847.38,87047.45,86637.47,86786.29,835.76683
1745254800000,87176.97,87319.69,86389.78,86847.39,2005.35325
1745251200000,88044.81,88270.88,87052.18,87176.96,1565.63292
1745247600000,88208.37,88329.49,87862.93,88044.8,1920.55832
1745244000000,87028.08,88465.99,86943.39,88208.37,3876.26378
1745240400000,87038.71,87575.21,86779.97,87028.09,1660.3259
1745236800000,86971.92,87538.46,86962.46,87038.71,871.3383
1745233200000,87347.82,87351.04,86644.29,86971.92,1164.29091
1745229600000,87516.05,87577.0,87250.0,87347.83,619.7016
1745226000000,87569.28,87795.26,87300.0,87516.05,1050.03827
1745222400000,87434.79,87699.0,87416.85,87569.28,471.87477
1745218800000,87521.74,87621.62,87333.33,87434.78,630.34326
1745215200000,87550.0,87695.66,87370.32,87521.73,603.57534
1745211600000,87351.13,87738.0,87323.55,87550.0,819.12232
1745208000000,87205.56,87390.54,87038.0,87351.14,806.69672
1745204400000,87350.0,87612.0,87156.05,87205.56,1026.18836
1745200800000,87293.08,87640.0,87116.51,87350.01,1834.30291
1745197200000,86625.69,87450.0,86625.68,87293.07,2940.48179
1745193600000,85179.24,87010.0,85144.76,86625.68,3732.36432
1745190000000,84835.28,85298.0,84835.28,85179.24,422.92944
1745186400000,85009.27,85031.19,84669.73,84835.28,272.57238
1745182800000,85127.58,85244.02,84913.04,85009.27,276.81879
1745179200000,84651.61,85250.0,84616.73,85127.58,693.63733
1745175600000,84577.79,84664.09,84521.73,84651.61,139.48309
1745172000000,84581.98,84636.9,84467.94,84577.78,139.94271
1745168400000,84604.1,84623.0,84451.68,84581.98,161.24385
1745164800000,84344.65,84622.76,84272.74,84604.11,328.38904
1745161200000,84626.16,84630.99,84300.0,84344.66,433.36249
1745157600000,84315.21,84664.0,84251.58,84626.16,380.00648
1745154000000,84365.55,84465.66,84151.03,84315.21,297.68348
1745150400000,84129.82,84488.85,84099.3,84365.56,609.96744
1745146800000,84184.02,84259.94,83949.52,84129.83,451.2566
1745143200000,84551.15,84551.15,84000.0,84184.03,844.03623
1745139600000,84647.3,84647.31,84453.77,84551.14,351.30667
1745136000000,84784.01,84785.0,84617.01,84647.3,238.80157
1745132400000,84955.43,84955.43,84678.18,84784.01,636.69171
1745128800000,85088.55,85160.0,84852.15,84955.42,283.26816
1745125200000,85185.14,85195.75,85088.54,85088.54,128.65862
1745121600000,85168.82,85248.0,85104.85,85185.13,119.07773
1745118000000,85226.44,85266.38,85111.0,85168.81,146.25197
1745114400000,85320.16,85320.76,85202.92,85226.44,158.61851
1745110800000,85167.98,85320.76,85139.7,85320.15,248.37812
1745107200000,85077.0,85226.42,85050.27,85167.99,329.29484
1745103600000,85259.85,85259.86,85067.07,85077.01,125.48809
1745100000000,85339.53,85355.2,85217.39,85259.86,155.47632
1745096400000,85195.85,85367.93,85183.2,85339.53,141.13902
1745092800000,85085.56,85265.95,85015.63,85195.85,127.37715
1745089200000,85144.64,85200.0,85044.67,85085.55,199.95038
1745085600000,85239.92,85320.76,85123.52,85144.64,373.22771
1745082000000,84845.93,85253.0,84829.65,85239.92,335.55555
1745078400000,85191.18,85330.06,84694.49,84845.93,880.38359
1745074800000,85415.1,85677.99,85070.0,85191.19,1519.86316
1745071200000,85472.53,85500.0,85357.54,85415.09,345.18822
1745067600000,85295.44,85498.77,85201.63,85472.54,455.21546
1745064000000,85217.4,85324.72,85193.51,85295.43,264.18234
1745060400000,85249.99,85287.54,85118.08,85217.4,436.9476
1745056800000,85328.12,85343.22,85147.37,85250.0,280.34551
1745053200000,85311.63,85436.72,85220.14,85328.12,358.6547
1745049600000,85217.38,85396.0,85115.45,85311.63,302.42907
1745046000000,84921.99,85250.0,84921.98,85217.39,402.38216
1745042400000,85080.0,85100.0,84889.96,84921.98,475.42537
1745038800000,85021.89,85225.05,84990.56,85079.99,439.14401
1745035200000,84883.72,85300.0,84883.71,85021.9,942.76304
1745031600000,84785.8,84986.76,84779.0,84883.71,414.87445
1745028000000,84544.07,84829.05,84491.53,84785.8,367.84088
1745024400000,84436.66,84596.5,84424.7,84544.06,171.80102
1745020800000,84474.7,84485.02,84364.45,84436.67,150.92673
1745017200000,84521.49,84521.49,84342.15,84474.69,174.22835
1745013600000,84621.58,84641.5,84425.62,84521.48,150.6171
1745010000000,84520.12,84684.49,84486.92,84621.58,165.72264
1745006400000,84562.83,84626.92,84466.79,84520.12,148.26203
1745002800000,84616.96,84640.0,84512.0,84562.83,140.25037
1744999200000,84571.91,84649.99,84505.06,84616.96,162.33185
1744995600000,84478.12,84603.78,84391.3,84571.92,168.26965
1744992000000,84374.6,84547.04,84303.96,84478.12,247.68307
1744988400000,84583.13,84610.3,84338.0,84374.59,324.83689
1744984800000,84570.61,84619.34,84368.16,84583.13,313.98928
1744981200000,84645.6,84645.6,84478.26,84570.61,311.96897
1744977600000,84669.11,84769.95,84566.16,84645.6,283.92186
1744974000000,84521.25,84669.12,84472.25,84669.11,250.06555
1744970400000,84548.89,84660.38,84485.74,84521.25,342.73799
1744966800000,84647.32,84647.33,84519.66,84548.9,289.30805
1744963200000,84654.68,84764.0,84610.74,84647.32,284.56217
1744959600000,84721.41,84730.64,84413.23,84654.68,541.7865
1744956000000,84734.98,84775.07,84592.01,84721.41,249.89268
1744952400000,84663.7,84737.64,84514.67,84734.97,431.38662
1744948800000,84827.99,84838.52,84598.58,84663.71,300.39751
1744945200000,84888.0,84897.06,84724.6,84828.0,284.67684
1744941600000,84925.59,84976.5,84800.07,84888.0,301.82105
1744938000000,84817.09,85132.08,84817.08,84925.58,329.8579
1744934400000,84947.92,85018.97,84735.35,84817.09,331.38823
1744930800000,84720.22,85013.27,84720.22,84947.91,231.8542
1744927200000,85062.0,85093.4,84720.21,84720.21,255.30188
1744923600000,85140.0,85140.0,84896.24,85062.0,270.75552
1744920000000,84849.05,85140.0,84849.05,85140.0,383.92432
1744916400000,84899.71,85119.47,84495.38,84849.06,870.29545
1744912800000,85108.67,85470.01,84899.71,84899.71,929.23965
1744909200000,84934.0,85208.0,84786.12,85108.66,878.3987
1744905600000,84531.72,85090.0,84393.59,84934.0,1394.8889
1744902000000,84087.09,84698.41,84087.09,84531.71,1022.61961
1744898400000,84475.14,84475.14,83736.26,84087.08,1181.1413
1744894800000,84775.99,84776.0,84318.18,84475.14,800.05542
1744891200000,84562.0,84862.93,84561.99,84775.99,717.89236
1744887600000,84377.28,84764.44,84283.25,84562.0,427.45329
1744884000000,84477.3,84505.09,84191.17,84377.27,243.55712
1744880400000,84445.55,84531.81,84361.0,84477.31,344.92722
1744876800000,84669.98,84763.29,84401.0,84445.54,317.37946
1744873200000,84773.59,85053.38,84597.96,84669.98,733.01179
1744869600000,84391.3,84872.5,84308.25,84773.59,578.51665
1744866000000,84153.05,84491.03,84099.73,84391.3,328.30713
1744862400000,83994.23,84188.59,83900.0,84153.05,398.89207
1744858800000,84272.86,84299.7,83814.48,83994.23,430.64762
1744855200000,84337.98,84337.99,84027.42,84272.86,254.74825
1744851600000,84209.99,84496.0,84118.94,84337.99,254.93961
1744848000000,84030.38,84210.0,83932.66,84210.0,480.1002
1744844400000,84460.43,84493.8,84024.0,84030.38,502.83079
1744840800000,84545.36,84586.41,84302.0,84460.43,304.81542
1744837200000,84296.0,84679.53,84260.86,84545.36,409.6485
1744833600000,84334.0,84657.69,84242.0,84295.99,466.78462
1744830000000,84029.98,84484.23,83802.0,84334.01,729.46623
1744826400000,83281.21,84472.31,83276.0,84029.97,2051.7773
1744822800000,85048.54,85500.0,83275.0,83281.21,2664.59303
1744819200000,84846.58,85226.42,84701.23,85048.55,782.33383
1744815600000,84605.3,85270.27,84502.02,84846.58,1518.8446
1744812000000,83736.36,84849.06,83714.31,84605.31,1314.8165
1744808400000,83757.73,84204.54,83512.2,83736.37,1092.69367
1744804800000,84048.36,84262.0,83722.56,83757.72,660.67455
1744801200000,83937.02,84127.05,83782.6,84048.11,564.5172
1744797600000,83600.0,83991.23,83575.96,83937.02,440.91882
1744794000000,83736.79,83939.39,83600.0,83600.01,552.56156
1744790400000,83363.17,84112.69,83140.89,83736.79,1274.84501
1744786800000,83644.0,83767.27,83307.0,83363.17,526.14277
1744783200000,83362.99,83749.98,83271.02,83643.99,981.89704
1744779600000,83588.0,83814.0,83212.64,83363.0,826.09819
1744776000000,83695.66,83800.0,83381.72,83587.99,737.25691
1744772400000,83900.0,83960.0,83661.96,83695.66,301.13886
1744768800000,83637.79,83930.0,83591.63,83900.0,481.07531
1744765200000,83146.01,83664.56,83111.64,83637.79,778.77206
1744761600000,83643.99,83700.0,83138.66,83146.01,902.74242
1744758000000,83838.47,83860.43,83600.0,83643.99,908.12007
1744754400000,84177.99,84177.99,83688.0,83838.47,720.9801
1744750800000,84020.0,84235.85,83871.26,84178.0,402.79146
1744747200000,83998.51,84205.35,83800.01,84020.01,435.57621
1744743600000,84196.0,84230.86,83921.19,83998.52,759.86799
1744740000000,84483.23,84608.68,84151.68,84196.0,778.79136
1744736400000,84860.81,85003.26,84408.39,84483.23,664.55737
1744732800000,84918.15,85146.55,84779.29,84860.81,470.87307
1744729200000,85146.89,85386.0,84623.73,84918.14,971.92908
1744725600000,85589.43,85980.64,84829.79,85146.88,2610.86721
1744722000000,85819.74,86496.42,85509.69,85589.44,2514.11766
1744718400000,85589.23,85819.74,85446.21,85819.74,659.12128
1744714800000,85638.15,85668.1,85351.0,85589.23,506.92157
1744711200000,85989.0,86000.0,85442.0,85638.14,830.95199
1744707600000,85850.0,85989.0,85589.4,85989.0,743.88202
1744704000000,85716.77,85990.0,85657.62,85850.0,993.6294
1744700400000,85391.35,85784.73,85391.34,85716.77,651.68444
1744696800000,85545.71,85692.74,85360.35,85391.35,616.78438
1744693200000,85490.47,85879.1,85485.59,85545.71,1089.50557
1744689600000,85379.97,85538.28,85157.6,85490.46,802.58491
1744686000000,85232.83,85415.1,85069.86,85379.96,946.11491
1744682400000,84983.73,85300.01,84706.85,85232.83,611.38477
1744678800000,84930.7,85137.53,84542.87,84983.73,689.66111
1744675200000,84591.58,84966.9,84347.97,84930.7,530.29735
1744671600000,84500.01,84782.5,84424.52,84591.58,348.18711
1744668000000,84706.1,84745.7,84430.37,84500.01,419.39516
1744664400000,84861.82,84970.74,84450.01,84706.1,283.86483
1744660800000,84923.07,84971.7,84539.61,84861.82,758.41223
1744657200000,84988.03,85208.1,84772.72,84923.07,1578.34239
1744653600000,84859.73,85080.0,84687.21,84988.04,933.08495
1744650000000,84342.0,84893.32,84221.9,84859.73,955.77527
1744646400000,84101.16,84669.85,83863.63,84341.99,1025.80861
1744642800000,85423.6,85468.97,83709.25,84101.16,2301.74134
1744639200000,84376.66,85799.99,84270.0,85423.6,2172.27087
1744635600000,85129.62,85279.99,84052.65,84376.66,1572.42433
1744632000000,84927.56,85227.27,84752.01,85128.76,865.64286
1744628400000,84656.85,84965.34,84500.0,84927.55,661.64623
1744624800000,84442.72,84810.41,84304.34,84656.85,606.42127
1744621200000,84763.18,84912.94,84250.0,84442.72,632.50132
1744617600000,84580.77,84957.27,84440.0,84763.18,771.96623
1744614000000,84624.21,84787.07,84211.06,84580.76,690.45295
1744610400000,84575.19,84644.91,84279.81,84624.21,617.23501
1744606800000,84869.31,84990.57,84343.73,84575.18,599.7972
1744603200000,84566.04,85110.0,84415.25,84869.31,1719.13731
1744599600000,85140.69,85166.84,84445.49,84566.03,3093.33239
1744596000000,84228.0,85544.3,84036.84,85140.7,3177.66333
1744592400000,84325.73,84687.1,84048.01,84228.0,1013.96485
1744588800000,83760.0,85129.69,83678.0,84325.74,1860.02544
1744585200000,83335.99,83840.43,83169.03,83760.0,570.24339
1744581600000,83607.0,83882.77,83169.01,83335.99,694.86581
1744578000000,83499.98,83826.09,83034.23,83607.0,879.93296
1744574400000,83981.32,84446.31,83154.82,83499.99,1157.47142
1744570800000,84730.0,84730.0,83050.0,83981.31,1584.07044
1744567200000,84754.84,84943.4,84524.14,84730.0,624.69181
1744563600000,84225.97,84990.22,84190.04,84754.85,1090.91398
1744560000000,83849.66,84424.53,83845.13,84225.97,794.61064
1744556400000,84093.22,84093.23,83665.3,83849.66,667.96537
1744552800000,83599.12,84166.96,83480.67,84093.22,788.58222
1744549200000,84458.75,84620.01,83487.72,83599.13,1593.77726
1744545600000,84528.66,84700.0,84245.39,84458.75,702.43515
1744542000000,84686.8,84771.25,84216.15,84528.66,703.32717
1744538400000,84918.25,84949.86,84510.0,84686.79,413.68265
1744534800000,84664.61,84948.25,84504.58,84918.24,465.84452
1744531200000,84413.1,84693.2,84277.03,84664.6,526.53348
1744527600000,84608.7,84769.87,84413.09,84413.1,521.59067
1744524000000,84515.57,84849.06,84444.72,84608.69,449.65847
1744520400000,84619.98,84804.57,84399.42,84515.58,2128.82276
1744516800000,85432.31,85436.68,84464.44,84619.98,2229.02689
1744513200000,85302.21,85724.79,85247.03,85432.31,1663.06089
1744509600000,85259.76,85451.85,84724.91,85302.22,1987.96886
1744506000000,85495.72,86100.0,85142.46,85259.77,1921.79914
1744502400000,85276.91,85571.12,85012.0,85495.72,519.16586
1744498800000,85336.01,85428.97,85170.0,85276.9,368.08487
1744495200000,85367.93,85701.6,85329.27,85336.01,314.03061
1744491600000,85517.28,85566.28,85260.86,85367.93,620.78416
1744488000000,84943.39,85905.0,84877.61,85517.29,1116.86575
1744484400000,85178.0,85258.29,84834.75,84943.4,468.33569
1744480800000,84760.71,85193.09,84755.5,85178.01,378.89539
1744477200000,84659.18,84867.51,84421.95,84760.71,536.71418
1744473600000,85008.4,85212.81,84575.15,84659.19,822.00642
1744470000000,84827.75,85402.9,84624.73,85008.4,1997.17669
1744466400000,84458.24,85251.0,84314.62,84827.75,2326.60565
1744462800000,83829.86,84688.0,83555.12,84458.24,2598.54044
1744459200000,83528.3,83936.45,83474.94,83829.86,579.86365
1744455600000,83420.44,83647.93,83420.44,83528.3,354.62284
1744452000000,83550.0,83565.22,83305.91,83420.44,322.84492
1744448400000,83604.77,83766.74,83420.0,83550.0,394.41868
1744444800000,83724.92,84031.87,83480.01,83604.77,954.13183
1744441200000,83567.43,83830.62,83496.56,83724.92,650.14829
1744437600000,83338.92,83790.05,83338.91,83567.42,625.07929
1744434000000,83208.04,83506.39,83198.11,83338.92,359.68833
1744430400000,82973.14,83464.0,82856.86,83208.04,584.64883
1744426800000,82804.86,83140.0,82792.95,82973.13,410.42592
1744423200000,83217.39,83310.05,82800.01,82804.87,534.58873
1744419600000,83369.08,83453.22,83144.57,83217.39,608.12739
1744416000000,83423.83,83572.0,83245.89,83369.08,544.11582
1744412400000,83415.35,83597.94,83162.0,83423.84,472.76791
1744408800000,83674.01,83716.99,83316.36,83415.34,567.06542
1744405200000,83848.01,84300.0,83636.36,83674.01,834.41054
1744401600000,83858.28,84029.13,83716.98,83848.0,978.20383
1744398000000,83608.0,83988.49,83565.21,83858.28,1301.10515
1744394400000,83930.0,84220.0,83520.0,83607.99,1750.93667
1744390800000,82792.46,84073.0,82695.65,83930.0,2707.88227
1744387200000,82521.74,83022.98,82015.08,82792.46,1214.14875
1744383600000,81898.0,82700.0,81716.0,82521.74,1498.55315
1744380000000,82930.67,82930.67,81341.22,81898.0,2811.61227
1744376400000,82115.53,83333.0,81816.01,82930.67,2809.45779
1744372800000,82129.67,82564.0,81819.14,82115.52,1461.08733
1744369200000,82706.85,82901.02,82020.25,82129.67,1780.09921
1744365600000,82450.0,82985.71,82304.34,82706.86,1924.43942
1744362000000,81631.89,82450.23,81450.0,82450.0,1763.29306
1744358400000,81266.76,81936.71,80782.43,81631.89,2204.94641
1744354800000,81102.0,81440.73,80850.0,81266.76,1276.65135
1744351200000,80815.99,81333.0,80815.99,81102.0,1056.33153
1744347600000,80888.14,80912.02,80512.22,80816.0,693.58062
1744344000000,80843.0,81100.0,80720.07,80888.15,712.801
1744340400000,80302.05,80906.63,80295.72,80842.99,838.60667
1744336800000,80452.71,80829.02,80162.18,80302.05,998.25546
1744333200000,79043.48,80459.01,79011.18,80452.72,1401.36338
1744329600000,79607.3,79750.17,78969.58,79043.48,1377.83878
1744326000000,79693.77,79743.33,79377.04,79607.3,525.86011
1744322400000,79714.51,79920.0,79545.45,79693.77,413.86755
1744318800000,79931.56,80035.54,79683.81,79714.52,489.14925
1744315200000,79647.37,79960.97,79570.12,79931.55,634.20811
1744311600000,79502.08,80058.96,79304.59,79649.34,1083.53379
1744308000000,79328.01,79876.61,79223.62,79502.07,1156.09141
1744304400000,79453.83,79672.46,78616.0,79328.01,1875.76826
1744300800000,78757.24,79688.0,78464.36,79453.82,2753.55001
1744297200000,81272.19,81353.1,78606.06,78757.0,5245.58887
1744293600000,80874.35,81841.58,80634.26,81272.19,2096.33434
1744290000000,81710.45,81948.0,80764.84,80874.36,2370.78322
1744286400000,81882.0,82466.35,81459.48,81710.46,2473.3642
1744282800000,81766.04,81944.0,81502.02,81882.01,628.40346
1744279200000,82036.72,82130.43,81565.43,81766.05,894.95314
1744275600000,81550.0,82079.57,81349.0,82036.71,819.18784
1744272000000,81595.81,81853.2,81420.29,81549.99,766.64513
1744268400000,82156.72,82250.0,81292.99,81595.81,1208.49976
1744264800000,82158.03,82344.3,81838.03,82156.72,1005.90065
1744261200000,82019.26,82241.4,81924.96,82158.03,821.38566
1744257600000,81775.2,82088.75,81640.74,82019.26,563.81007
1744254000000,82201.24,82224.45,81472.84,81775.2,1478.04577
1744250400000,82249.29,82565.19,82195.77,82200.0,871.82875
1744246800000,82352.85,82600.0,82224.9,82249.29,1471.70076
1744243200000,82615.22,82753.21,82056.19,82352.85,1636.34707
1744239600000,83056.84,83156.49,82530.43,82615.22,1051.2813
1744236000000,83284.28,83500.0,82956.52,83056.83,2419.9961
1744232400000,83204.0,83588.0,82848.49,83284.29,3577.62027
1744228800000,82332.08,83267.57,81987.89,83204.0,5200.74454
1744225200000,81788.36,82618.98,81771.39,82332.08,4464.82805
1744221600000,82202.16,82990.0,81690.03,81788.37,6690.57548
1744218000000,78267.69,82286.11,77649.99,82202.16,14052.30474
1744214400000,77258.01,78361.59,77136.0,78267.68,1376.94929
1744210800000,76870.01,77650.95,76844.01,77258.0,1715.86691
1744207200000,77698.11,78318.46,76798.87,76870.0,3111.22641
1744203600000,76763.07,77875.46,76710.89,77698.12,2996.7392
1744200000000,76230.01,77074.02,76010.21,76760.86,2011.44438
1744196400000,77191.16,77193.66,75756.86,76230.01,4778.95169
1744192800000,77478.27,77574.15,76950.0,77190.0,1155.98799
1744189200000,77304.35,77540.0,77168.59,77478.26,702.62992
1744185600000,77694.12,77880.0,77085.0,77304.35,1261.18448
1744182000000,76829.01,77979.3,76818.52,77694.12,3645.52951
1744178400000,76734.83,77317.89,76709.69,76829.02,1366.49318
1744174800000,76416.33,76820.52,76214.32,76734.83,1382.92585
1744171200000,75073.34,76915.94,75000.0,76416.34,2745.3233
1744167600000,75674.45,75869.57,75015.86,75073.33,1469.1856
1744164000000,76070.53,76473.62,75572.38,75674.44,1774.07613
1744160400000,76522.07,76595.42,74620.0,76070.53,4724.66887
1744156800000,76322.42,76868.28,75926.52,76522.07,1811.75453
1744153200000,76731.21,76798.0,76307.36,76322.42,965.34061
1744149600000,77100.0,77135.19,76239.9,76731.21,963.72715
1744146000000,77133.4,77285.5,76730.01,77100.0,412.81598
1744142400000,76854.05,77200.79,76606.51,77133.41,853.14727
1744138800000,77259.91,77356.0,76334.65,76854.05,3200.81341
1744135200000,77350.0,77999.99,77082.65,77259.91,1833.69836
1744131600000,77414.26,77560.0,76556.98,77349.99,3127.01518
1744128000000,78498.0,78522.72,77357.61,77414.25,2601.21789
1744124400000,78479.91,78859.85,78175.14,78497.99,2215.66571
1744120800000,79899.9,80258.0,78474.0,78479.91,2481.53782
1744117200000,79837.99,80375.0,79381.02,79899.9,2851.38021
1744113600000,79982.0,80122.0,79559.9,79837.99,1309.14047
1744110000000,79003.54,80077.65,78961.78,79982.0,1430.93505
1744106400000,78900.0,79173.92,78819.65,79003.54,737.04745
1744102800000,79154.01,79228.42,78860.49,78900.0,1054.87681
1744099200000,79496.01,79528.35,78939.0,79154.02,1034.87124
1744095600000,79447.29,79714.21,79219.9,79496.0,855.65343
1744092000000,79872.24,79872.24,79279.5,79447.3,821.53728
1744088400000,80299.99,80312.0,79536.0,79872.25,1021.79236
1744084800000,79904.0,80413.49,79859.9,80300.0,603.14404
1744081200000,79947.05,80198.12,79759.9,79904.0,822.55347
1744077600000,80600.0,80867.99,79891.38,79947.05,1277.93081
1744074000000,79020.04,80811.07,78772.14,80599.99,1819.55645
1744070400000,79163.24,79599.99,79000.0,79020.04,1021.92218
1744066800000,79956.47,80083.99,79090.9,79163.24,1563.35059
1744063200000,79239.41,80218.88,79182.6,79956.47,1195.42635
1744059600000,78955.26,79591.92,78684.22,79239.42,997.04459
1744056000000,78130.43,79128.82,78102.91,78955.26,788.56824
1744052400000,78484.91,78961.92,78019.9,78130.44,1473.92792
1744048800000,79076.08,79365.46,78277.77,78484.91,1817.82881
1744045200000,77434.01,79200.0,77434.0,79074.5,3328.43357
1744041600000,78479.91,78584.21,77313.2,77434.01,2210.73067
1744038000000,79033.11,79376.0,77530.0,78479.9,5159.37034
1744034400000,78365.48,81243.58,77870.01,79033.11,15098.55422
1744030800000,77335.88,78498.93,75789.01,78365.47,4749.87831
1744027200000,76685.62,77666.0,76410.62,77335.89,2701.16859
1744023600000,76983.61,77400.0,76423.27,76685.62,1472.78494
1744020000000,76274.55,77577.88,76143.82,76983.6,2616.79525
1744016400000,76266.88,76792.0,75744.08,76274.56,2059.59344
1744012800000,75126.01,76843.47,75085.74,76266.89,3895.35955
1744009200000,74810.0,75491.06,74508.0,75126.01,4359.45526
1744005600000,76942.82,77299.99,74555.0,74810.01,9248.78671
1744002000000,76989.92,77500.0,76666.01,76942.82,2272.40108
1743998400000,77707.78,77984.0,76666.0,76989.92,3062.66495
1743994800000,78447.42,78507.81,77354.0,77707.77,2435.51362
1743991200000,79142.01,79220.0,78392.15,78447.42,1208.89648
1743987600000,78327.86,79347.46,78318.0,79142.01,2024.95477
1743984000000,78430.0,78520.0,77419.9,78327.87,2646.04264
1743980400000,78063.67,78709.16,77153.83,78430.0,3938.1313
1743976800000,78950.61,79130.44,77800.0,78063.66,4224.44881
1743973200000,78867.99,79681.81,78720.0,78950.61,1342.55207
1743969600000,79614.34,79890.16,78539.44,78867.99,2279.67564
1743966000000,79107.29,79859.73,78839.89,79614.35,1892.03092
1743962400000,80808.81,80808.81,78694.99,79107.3,4445.72747
1743958800000,81969.99,81982.43,80562.0,80808.81,2740.82185
1743955200000,82548.36,82554.15,81920.0,81970.0,1125.6903
1743951600000,82667.08,82819.74,82400.0,82548.36,525.55568
1743948000000,82306.01,82793.0,82217.83,82667.07,748.43351
1743944400000,82698.0,82839.87,82230.43,82306.01,877.13597
1743940800000,82855.99,82981.14,82642.39,82697.99,379.84754
1743937200000,82870.26,82921.48,82666.0,82855.99,346.58534
1743933600000,83075.15,83075.15,82716.49,82870.25,266.71228
1743930000000,83034.27,83172.0,82933.96,83075.15,141.85704
1743926400000,83024.97,83051.33,82727.27,83034.26,452.85296
1743922800000,83110.24,83207.22,83024.96,83024.96,287.04301
1743919200000,83450.0,83468.0,83110.23,83110.24,211.74296
1743915600000,83499.99,83533.01,83312.02,83450.01,301.5538
1743912000000,83344.14,83500.0,83233.04,83499.99,204.86026
1743908400000,83300.01,83403.46,83163.45,83344.14,316.06865
1743904800000,83428.98,83494.43,83274.88,83300.01,242.19659
1743901200000,83527.22,83817.63,83422.0,83428.97,364.62107
1743897600000,83537.99,83620.01,83422.91,83527.22,286.56934
1743894000000,83188.4,83688.0,83128.73,83537.99,463.28934
1743890400000,82913.88,83212.18,82913.88,83188.41,389.57973
1743886800000,83075.48,83237.34,82902.53,82913.89,332.10636
1743883200000,82859.99,83113.67,82833.0,83075.47,404.2801
1743879600000,83036.14,83146.0,82779.62,82860.0,219.10666
1743876000000,82869.53,83109.46,82854.8,83036.13,308.68973
1743872400000,82739.96,82953.2,82681.65,82869.53,200.38381
1743868800000,82618.25,82827.37,82607.05,82739.96,246.00324
1743865200000,82914.67,82914.67,82379.95,82618.26,804.80511
1743861600000,82755.29,83026.0,82672.33,82914.67,391.75612
1743858000000,83281.41,83335.56,82519.37,82755.29,932.44573
1743854400000,83452.69,83550.68,83121.77,83281.41,447.96567
1743850800000,83641.5,83700.52,83443.47,83452.69,405.74172
1743847200000,83843.28,83894.7,83579.27,83641.51,209.98682
1743843600000,83519.97,83865.1,83519.76,83843.29,329.66419
1743840000000,83525.33,83648.63,83359.64,83519.96,287.89755
1743836400000,83477.3,83558.65,83297.66,83525.34,322.08166
1743832800000,83688.68,83724.39,83336.09,83477.3,394.8109
1743829200000,83677.75,83863.36,83630.69,83688.67,231.14548
1743825600000,83624.01,83868.0,83608.8,83677.75,332.91219
1743822000000,83976.61,83976.61,83621.73,83624.01,476.5291
1743818400000,83979.88,84094.57,83799.92,83976.61,371.16159
1743814800000,83787.6,84266.0,83786.86,83979.87,382.38928
1743811200000,83889.87,83889.88,83395.46,83787.6,475.6726
1743807600000,84056.75,84100.0,83650.11,83889.87,351.95993
1743804000000,84185.81,84271.28,84018.86,84056.74,252.04879
1743800400000,84164.02,84450.0,83941.42,84185.8,427.97348
1743796800000,84010.0,84282.0,83492.95,84164.02,600.66797
1743793200000,83989.86,84460.0,83788.0,84009.99,835.2368
1743789600000,84459.99,84584.91,83725.14,83989.87,1110.66034
1743786000000,83392.69,84620.01,82965.78,84460.0,2047.81796
1743782400000,82860.0,83555.0,82736.0,83392.7,1380.46968
1743778800000,82573.98,83716.0,82488.88,82860.0,3250.10909
1743775200000,83335.99,83510.0,81849.05,82573.98,2330.63991
1743771600000,82879.99,83507.19,82143.48,83335.99,2211.6312
1743768000000,82680.44,83200.0,82222.0,82879.99,2300.22439
1743764400000,82565.21,82768.09,81659.0,82680.45,2375.09853
1743760800000,84571.38,84690.0,82416.72,82567.03,4808.43362
1743757200000,84416.0,84720.0,84126.16,84571.38,882.78102
1743753600000,83992.85,84650.0,83992.85,84415.99,1616.22236
1743750000000,83054.73,84000.0,83050.0,83992.85,1397.79534
1743746400000,83200.0,83264.16,83041.95,83054.72,400.85192
1743742800000,82720.32,83212.17,82642.29,83200.0,628.6749
1743739200000,82818.53,82920.19,82615.36,82720.32,664.54369
1743735600000,82910.86,83069.96,82679.55,82818.52,416.14503
1743732000000,82695.9,83186.96,82695.9,82910.86,396.19722
1743728400000,83046.32,83358.5,82577.63,82695.91,989.86653
1743724800000,83213.09,83413.46,83000.02,83046.32,1239.49006
1743721200000,82743.46,83332.2,82510.83,83213.09,755.05926
1743717600000,82717.54,82869.99,82589.61,82743.46,432.33176
1743714000000,82363.99,82864.0,82333.87,82717.54,615.38965
1743710400000,82009.76,82421.49,81800.0,82363.99,1289.97749
1743706800000,82109.45,82362.41,81829.57,82008.7,1247.72636
1743703200000,81830.01,82317.99,81540.0,82109.45,990.19965
1743699600000,81830.56,82191.11,81630.74,81830.01,889.36672
1743696000000,82039.32,82448.21,81715.55,81830.56,1010.18098
1743692400000,81532.0,82101.42,81211.24,82039.31,2246.65433
1743688800000,82373.57,82403.5,81314.61,81532.0,2364.56
1743685200000,81949.06,82792.46,81793.06,82373.58,2339.5139
1743681600000,83096.01,83147.95,81889.3,81949.06,1872.33047
1743678000000,83220.01,83347.39,83047.0,83096.01,608.06162
1743674400000,83483.04,83749.99,83152.25,83220.01,1239.61616
1743670800000,83680.0,83766.69,83449.92,83483.05,539.18541
1743667200000,83456.76,83788.23,83456.74,83679.99,821.93677
1743663600000,83058.65,83498.1,83000.0,83456.75,774.52407
1743660000000,83343.75,83415.47,83008.74,83058.65,568.50834
1743656400000,83558.81,83709.48,83343.74,83343.75,457.59497
1743652800000,83483.97,83735.85,83263.05,83558.8,630.55266
1743649200000,83768.0,83792.58,83349.65,83483.97,638.13813
1743645600000,83761.63,83894.91,83278.99,83768.01,1422.27146
1743642000000,83227.55,83998.02,83099.99,83761.62,1735.38082
1743638400000,82516.28,83424.72,82175.98,83227.55,1848.78037
1743634800000,82821.6,82845.42,82320.0,82516.29,2829.6448
1743631200000,84855.98,84855.98,82682.0,82821.59,3036.67427
1743627600000,85659.99,85743.22,84207.26,84855.99,1793.31035
1743624000000,86900.01,88500.0,85228.39,85659.99,7832.63499
1743620400000,86286.03,87000.0,86186.19,86900.02,812.77336
1743616800000,86615.33,86751.79,86212.4,86286.02,685.2329
1743613200000,87065.19,87333.0,86350.0,86615.33,2025.44811
1743609600000,86757.67,87221.99,86589.58,87065.18,2549.14196
1743606000000,85877.74,87333.0,85811.2,86757.67,5585.70214
1743602400000,85215.79,86000.0,85181.52,85877.75,2062.01342
1743598800000,85049.99,86136.36,84471.76,85215.82,2792.28052
1743595200000,84566.91,85054.78,84462.69,85049.99,742.57082
1743591600000,84867.92,84985.77,84547.08,84566.91,463.52271
1743588000000,85019.63,85299.45,84828.0,84867.92,592.83032
1743584400000,84677.04,85450.0,84635.6,85019.62,910.86351
1743580800000,84426.32,84762.72,84262.73,84677.04,535.25665
1743577200000,84125.99,84462.16,84015.97,84426.33,642.70738
1743573600000,84100.0,84371.59,83904.72,84125.99,646.4978
1743570000000,84607.0,84607.0,84100.0,84100.0,550.68482
1743566400000,84550.0,84726.42,84460.11,84607.0,444.66226
1743562800000,84714.36,84904.0,84504.21,84550.0,475.50966
1743559200000,85147.31,85174.89,84648.9,84714.36,850.77436
1743555600000,84964.49,85213.12,84854.9,85147.3,597.76896
1743552000000,85158.35,85255.95,84923.28,84964.49,472.95093
1743548400000,85100.0,85579.46,84969.56,85158.34,495.8616
1743544800000,85223.84,85483.38,85082.0,85099.99,477.11302
1743541200000,85231.28,85476.86,85120.0,85223.84,325.84141
1743537600000,84972.0,85350.0,84773.58,85231.28,528.39638
1743534000000,85126.68,85184.89,84816.83,84972.01,897.45326
1743530400000,85117.86,85183.46,84720.0,85126.68,742.89553
1743526800000,85120.0,85333.33,84901.32,85117.85,775.2624
1743523200000,85280.88,85493.0,84815.0,85119.99,1208.48492
1743519600000,84195.92,85499.55,84182.89,85280.87,2484.93075
1743516000000,83622.96,84350.0,82544.0,84195.92,2522.86047
1743512400000,83615.26,83912.62,83416.66,83618.23,1152.68104
1743508800000,83930.31,84154.22,83615.25,83615.26,734.99256
1743505200000,84175.99,84203.0,83823.67,83930.3,854.54351
1743501600000,84362.01,84504.74,84150.0,84175.99,914.76118
1743498000000,84121.94,84395.46,84116.27,84362.0,1018.97186
1743494400000,83445.5,84207.55,83410.0,84121.94,1217.29279
1743490800000,83454.76,83597.07,83380.58,83445.5,622.58551
1743487200000,83006.67,83494.25,82891.71,83454.76,425.66016
1743483600000,83059.99,83329.99,82994.07,83006.67,348.44364
1743480000000,82962.84,83235.96,82886.87,83060.0,425.37874
1743476400000,83100.0,83256.8,82926.08,82962.84,526.15363
1743472800000,82704.2,83120.0,82649.34,83100.0,522.78246
1743469200000,82651.09,82741.8,82460.0,82704.2,440.09093
1743465600000,82550.0,82837.38,82432.74,82651.1,526.95922
1743462000000,82410.0,82886.8,82283.9,82550.01,383.74846
1743458400000,82563.99,82571.98,82265.1,82409.99,260.87647
1743454800000,82431.32,82752.18,82422.0,82563.99,342.52865
1743451200000,82462.26,82846.2,82350.84,82431.32,701.19812
1743447600000,83291.42,83443.38,82400.0,82462.27,798.20925
1743444000000,82680.35,83566.0,82676.0,83291.42,810.73087
1743440400000,83288.88,83545.55,82575.45,82680.34,667.39263
1743436800000,83418.78,83694.29,83246.86,83288.89,658.28656
1743433200000,83499.18,83943.08,83390.3,83418.78,1241.90923
1743429600000,82507.99,83746.23,82507.49,83499.18,2160.57547
1743426000000,82768.74,82866.02,81656.0,82507.99,2027.95258
1743422400000,82205.5,83169.82,81885.56,82768.74,1527.48947
1743418800000,82174.16,82272.0,81884.49,82205.51,980.63412
1743415200000,81455.59,82215.91,81290.88,82174.16,713.59513
1743411600000,81899.15,81960.56,81339.65,81455.58,965.89557
1743408000000,81933.51,82263.74,81875.05,81899.15,762.80757
1743404400000,82052.82,82303.58,81730.74,81933.51,776.64817
1743400800000,82166.99,82267.66,81919.38,82052.83,641.58631
1743397200000,81846.0,82305.57,81830.0,82166.99,520.56741
1743393600000,81530.0,81879.16,81400.0,81846.01,489.0478
1743390000000,81922.3,82030.0,81468.0,81530.0,549.38711
1743386400000,81954.79,82179.25,81630.01,81922.3,652.55837
1743382800000,81646.9,82272.72,81534.78,81953.03,778.60883
1743379200000,82390.0,82444.89,81278.52,81646.89,1156.9047
1743375600000,82437.99,82442.94,81902.2,82389.99,621.08198
1743372000000,82237.67,82757.7,81565.0,82438.0,997.38999
1743368400000,82554.73,82703.94,82069.4,82237.68,258.82166
1743364800000,82548.8,82650.95,82393.74,82554.73,201.03005
1743361200000,82729.65,82908.11,82547.69,82548.81,258.33176
1743357600000,82415.54,82799.99,82415.53,82729.65,321.94593
1743354000000,82284.01,82577.99,82050.4,82415.53,398.11075
1743350400000,82729.57,82816.0,82173.91,82284.01,603.14499
1743346800000,82803.28,83067.9,82714.87,82729.57,280.14108
1743343200000,82678.42,83043.59,82608.23,82803.28,466.76708
1743339600000,83072.76,83155.17,82543.83,82678.42,1050.99285
1743336000000,83111.76,83268.05,82986.75,83072.76,356.53689
1743332400000,83120.86,83360.31,82975.36,83111.76,334.93595
1743328800000,83502.32,83534.64,83061.51,83120.87,292.38935
1743325200000,83378.1,83517.78,83255.83,83502.32,224.07536
1743321600000,83076.58,83406.14,83076.58,83378.09,354.71899
1743318000000,83178.14,83321.16,83068.66,83076.59,349.72683
1743314400000,82958.3,83306.26,82868.96,83178.14,402.67107
1743310800000,83109.81,83230.0,82924.23,82958.3,272.84116
1743307200000,83088.82,83314.42,83078.94,83109.81,213.20024
1743303600000,83330.0,83503.53,83048.88,83088.81,431.74613
1743300000000,82941.14,83372.81,82925.67,83330.0,417.67201
1743296400000,82799.73,83075.48,82762.71,82941.13,445.84784
1743292800000,82648.53,82888.93,82500.0,82799.73,310.37514
1743289200000,82389.75,82679.52,82342.0,82648.54,180.06373
1743285600000,82518.74,82522.0,82258.86,82389.75,188.29229
1743282000000,82511.16,82685.45,82353.51,82518.74,212.79105
1743278400000,82758.4,82787.29,82422.22,82511.17,376.35969
1743274800000,82343.64,82758.41,82209.59,82758.4,370.86895
1743271200000,82332.62,82673.0,82214.88,82343.64,368.88573
1743267600000,82198.44,82625.05,81644.81,82332.63,1231.20197
1743264000000,82414.22,82683.78,82173.19,82198.43,538.75064
1743260400000,82504.02,82617.01,82383.2,82414.23,295.79723
1743256800000,82851.95,82882.01,82459.0,82504.01,452.6138
1743253200000,82462.69,82863.49,82454.44,82851.95,578.26067
1743249600000,82293.56,82527.7,82145.22,82462.7,634.07629
1743246000000,82927.8,83108.08,82007.0,82293.56,1843.3693
1743242400000,83544.8,83559.23,82820.85,82927.81,735.21277
1743238800000,83934.94,83947.42,83266.65,83544.8,720.14163
1743235200000,83731.83,83944.36,83666.65,83934.95,340.17747
1743231600000,83787.28,83892.0,83662.86,83731.82,244.43629
1743228000000,84012.65,84012.65,83672.74,83787.28,335.98213
1743224400000,84072.97,84093.99,83858.22,84012.64,235.85366
1743220800000,84166.3,84258.45,83968.81,84072.96,287.24956
1743217200000,83851.39,84254.72,83709.67,84166.3,420.1986
1743213600000,84281.91,84423.53,83817.23,83851.4,407.56827
1743210000000,84396.89,84502.42,84216.0,84281.9,283.36385
1743206400000,84424.38,84624.73,84353.49,84396.89,414.88307
1743202800000,84480.35,84538.69,84200.01,84424.38,459.05926
1743199200000,84052.29,84480.36,84052.29,84480.35,382.78331
1743195600000,83794.41,84110.36,83697.83,84052.29,295.77685
1743192000000,83790.74,84160.38,83714.28,83794.41,1271.03433
1743188400000,83879.99,83893.48,83636.36,83790.73,834.89668
1743184800000,84008.46,84169.52,83720.0,83880.0,755.86923
1743181200000,83794.72,84010.41,83585.0,84008.45,1114.8659
1743177600000,84051.15,84217.61,83671.9,83794.73,1152.23131
1743174000000,84172.01,84530.45,83953.86,84051.16,2589.07955
1743170400000,84994.0,85120.19,84148.8,84172.01,3331.05298
1743166800000,85028.27,85575.68,84904.96,84994.0,1317.0906
1743163200000,85255.25,85609.74,84888.0,85028.27,1145.41519
1743159600000,84941.49,85255.26,84800.0,85255.26,1274.00029
1743156000000,85148.0,85250.79,84896.0,84941.49,988.61456
1743152400000,85213.87,85417.47,85005.0,85148.0,1298.56622
1743148800000,85212.98,85441.25,85050.01,85213.87,1389.5787
1743145200000,85719.27,85888.6,85162.48,85212.99,2159.05919
1743141600000,86059.02,86250.0,85648.25,85719.27,1011.00124
1743138000000,86305.38,86305.38,85827.97,86059.02,1025.35492
1743134400000,86787.17,86832.64,85952.54,86305.38,1475.68093
1743130800000,86987.78,87018.36,86750.0,86787.16,568.38044
1743127200000,87230.3,87327.98,86950.75,86987.77,388.73132
1743123600000,87354.01,87515.67,87116.0,87230.29,516.42696
1743120000000,87232.01,87402.08,86929.58,87354.01,438.18173
1743116400000,87350.7,87361.07,87128.01,87232.01,273.51259
1743112800000,87568.67,87600.0,87309.97,87350.71,263.44675
1743109200000,87307.57,87728.27,87239.13,87568.68,488.70362
1743105600000,87060.4,87346.07,86943.04,87307.57,454.46299
1743102000000,87206.52,87429.21,87022.99,87060.41,473.80058
1743098400000,86913.04,87420.0,86876.0,87206.52,473.09632
1743094800000,86835.24,87150.95,86796.0,86913.05,596.49192
1743091200000,86974.07,87271.43,86805.2,86835.24,671.69986
1743087600000,87297.34,87575.0,86752.58,86974.07,1554.66361
1743084000000,86383.82,87321.56,86189.19,87297.33,2709.46975
1743080400000,86761.04,86861.71,85800.0,86383.83,2610.92782
1743076800000,86943.51,87110.1,86724.85,86761.05,665.70609
1743073200000,87195.59,87316.29,86787.0,86943.52,674.57069
1743069600000,87415.57,87597.6,87108.99,87195.59,529.03139
1743066000000,87434.82,87537.74,87385.85,87415.56,453.07467
1743062400000,87399.99,87597.6,87255.63,87434.82,539.0982
1743058800000,87352.68,87439.3,87249.68,87399.99,466.03302
1743055200000,87314.71,87547.6,87280.0,87352.68,421.13139
1743051600000,87521.6,87521.6,87262.55,87314.72,498.02432
1743048000000,87670.17,87691.34,87411.42,87521.61,389.92917
1743044400000,87575.38,87675.0,87434.78,87670.18,493.00757
1743040800000,87378.88,87756.39,87338.79,87575.39,474.68254
1743037200000,87285.3,87519.38,87178.79,87378.87,484.20578
1743033600000,86909.17,87308.0,86796.26,87285.29,439.26833
1743030000000,86829.48,86952.2,86562.0,86909.17,333.75432
1743026400000,87109.64,87147.92,86753.52,86829.48,347.87603
1743022800000,87280.0,87302.0,86728.91,87109.65,541.36601
1743019200000,86567.18,87404.34,86520.1,87280.0,896.05809
1743015600000,86198.52,86800.77,85860.0,86567.19,1124.92816
1743012000000,86570.0,86750.01,86181.39,86198.53,562.82437
1743008400000,86513.99,86829.88,86476.88,86569.99,568.00228
1743004800000,86752.52,87058.4,86391.3,86513.99,751.20508
1743001200000,86773.14,87018.87,86546.23,86752.52,1188.33868
1742997600000,86841.3,87294.05,86434.36,86773.14,1940.95752
1742994000000,87813.16,87920.08,86719.0,86841.31,1682.40584
1742990400000,87954.97,88000.0,87586.72,87813.17,825.39906
1742986800000,88208.47,88242.0,87923.91,87954.96,940.31797
1742983200000,87940.0,88259.81,87939.99,88208.47,556.20541
1742979600000,87959.73,88056.61,87837.49,87939.99,393.0975
1742976000000,88140.45,88200.0,87886.1,87959.73,525.11331
1750172400000,104847.33,104968.69,104130.95,104241.63,1775.82912
1750168800000,105349.28,105694.42,104777.48,104847.33,1268.55694
1750165200000,105506.99,105754.05,105200.0,105349.27,715.74499
1750161600000,105641.48,105862.03,105420.0,105507.0,548.13287
1750158000000,105956.01,105956.01,105508.23,105641.47,539.34753
1750154400000,106160.58,106248.43,105721.29,105956.01,798.36423
1750150800000,106568.06,106655.82,106069.55,106160.57,707.9622
1750147200000,106758.52,106822.78,106484.89,106568.06,362.87139
1750143600000,106832.92,106879.48,106481.6,106758.52,518.07804
1750140000000,107122.01,107234.94,106724.0,106832.91,387.2144
1750136400000,107333.64,107403.99,107040.0,107122.02,467.39075
1750132800000,107590.41,107711.06,107303.01,107333.64,324.27105
1750129200000,107482.4,107771.34,107364.89,107590.41,557.48911
1750125600000,107173.51,107600.0,106572.07,107482.39,551.95383
1750122000000,107238.68,107399.0,106930.23,107173.51,437.59004
1750118400000,106794.53,107262.31,106115.35,107238.63,1478.91948
1750114800000,107700.01,107982.63,106700.0,106794.53,975.19108
1750111200000,108513.1,108952.38,107418.24,107700.01,1124.54821
1750107600000,108782.68,108817.0,108321.45,108513.1,363.37911
1750104000000,108652.01,108849.77,108428.0,108782.68,565.88847
1750100400000,108255.97,108888.0,108255.96,108652.0,996.00646
1750096800000,107755.01,108278.0,107686.56,108255.96,494.51232
1750093200000,107765.99,108017.98,107627.9,107755.0,586.42985
1750089600000,107424.96,107906.98,107309.15,107765.99,671.1767
1750086000000,107533.5,107715.4,107307.81,107424.96,545.4424
1750082400000,107160.06,107784.26,106787.99,107533.5,1083.59008
1750078800000,106690.47,107172.11,106495.09,107160.06,556.73469
1750075200000,106884.0,106900.0,106600.0,106690.47,352.59083
1750071600000,106834.33,106976.75,106582.25,106883.99,436.11918
1750068000000,106945.86,107200.0,106744.66,106834.32,436.77622
1750064400000,107180.0,107255.01,106863.98,106945.86,789.42833
1750060800000,107061.8,107242.92,106954.47,107180.0,486.60178
1750057200000,106586.0,107262.31,106586.0,107061.8,1080.95051
1750053600000,106559.99,106777.38,106510.61,106586.01,445.28877
1750050000000,106386.0,106785.71,106312.33,106559.98,595.46163
1750046400000,105921.85,106396.3,105874.48,106386.0,656.51068
1750042800000,105785.51,105966.0,105708.93,105921.84,263.51613
1750039200000,105815.09,105970.59,105684.46,105785.51,435.10541
1750035600000,105429.32,105885.0,104980.37,105815.08,559.26238
1750032000000,105594.02,105769.85,105352.94,105429.32,422.15418
1750028400000,105263.52,105617.82,105226.79,105594.01,381.41607
1750024800000,104807.75,105359.96,104734.42,105263.51,432.23208
1750021200000,104729.53,104828.94,104494.53,104807.75,477.5022
1750017600000,105294.19,105300.0,104600.13,104729.53,453.57123
1750014000000,105485.29,105566.43,105082.97,105294.19,294.74223
1750010400000,105689.65,105689.65,105472.0,105485.29,157.31009
1750006800000,105567.24,105777.09,105476.4,105689.64,194.07613
1750003200000,105563.99,105687.74,105332.0,105567.24,329.84918
1749999600000,105657.63,105794.12,105539.0,105564.0,301.25817
1749996000000,105515.97,105838.24,105308.82,105657.64,336.0044
1749992400000,105289.81,105660.31,105220.65,105515.97,350.85804
1749988800000,104970.51,105296.0,104955.48,105289.81,257.28037
1749985200000,105119.99,105162.51,104915.14,104970.51,196.37895
1749981600000,104915.15,105188.96,104915.14,105119.99,230.53887
1749978000000,105197.18,105197.19,104867.64,104915.15,370.65353
1749974400000,105428.0,105482.4,105134.69,105197.19,259.58184
1749970800000,105440.7,105453.46,105200.0,105428.0,300.03128
1749967200000,106073.95,106128.57,105410.43,105440.69,690.48683
1749963600000,105559.69,106100.0,105507.65,106073.94,290.03365
1749960000000,105473.54,105563.04,105473.54,105559.68,100.97805
1749956400000,105481.03,105566.22,105463.54,105473.55,101.92751
1749952800000,105421.03,105624.0,105421.03,105481.02,132.30823
1749949200000,105643.99,105680.0,105410.5,105421.03,196.2376
1749945600000,105414.63,105663.98,105264.75,105643.99,328.94394
1749942000000,105428.75,105480.0,105348.81,105414.64,249.91305
1749938400000,105315.55,105480.0,105289.45,105428.74,222.42456
1749934800000,104894.3,105458.71,104867.14,105315.54,414.26935
1749931200000,104645.66,104991.0,104300.0,104894.29,372.96357
1749927600000,104892.82,105045.78,104630.19,104645.67,320.70643
1749924000000,104608.18,104995.72,104359.08,104892.81,351.26848
1749920400000,104457.84,104721.53,104404.9,104608.17,342.50861
1749916800000,104841.29,104900.0,104359.5,104457.85,672.80896
1749913200000,104913.01,104983.05,104615.38,104841.3,356.85346
1749909600000,105017.41,105060.42,104841.96,104913.01,157.82263
1749906000000,105053.64,105131.25,104902.28,105017.41,263.02313
1749902400000,105082.01,105100.0,104745.1,105053.63,267.44126
1749898800000,105011.92,105096.0,104948.38,105082.01,172.47595
1749895200000,104862.26,105117.07,104836.06,105011.92,145.57424
1749891600000,105095.04,105110.15,104850.54,104862.26,253.37215
1749888000000,105076.59,105132.36,104871.06,105095.03,215.34556
1749884400000,105105.14,105144.57,104792.98,105076.59,360.03462
1749880800000,105288.3,105321.82,105105.13,105105.13,221.23119
1749877200000,105371.08,105397.06,105233.95,105288.3,205.15438
1749873600000,105228.83,105397.06,105212.09,105371.07,216.26058
1749870000000,105374.18,105440.0,105197.96,105228.82,259.19985
1749866400000,105470.35,105611.67,105312.88,105374.17,288.65282
1749862800000,105826.32,105826.33,105440.0,105470.35,1198.12686
1749859200000,106066.59,106252.0,105703.61,105826.32,1271.508
1749855600000,105751.29,106179.53,105751.28,106066.59,414.68186
1749852000000,105612.58,105840.0,105542.0,105751.28,221.74081
1749848400000,105424.0,105788.79,105326.41,105612.59,270.63672
1749844800000,105110.01,105508.34,105020.87,105424.0,385.01118
1749841200000,105193.04,105436.9,104900.0,105110.0,457.01476
1749837600000,105390.94,105480.0,104668.73,105193.04,631.03278
1749834000000,105783.65,105783.65,104867.65,105390.94,775.10222
1749830400000,105436.87,105981.0,105308.83,105783.66,1087.38893
1749826800000,104970.74,105747.47,104860.0,105436.87,1140.75299
1749823200000,104732.82,105011.76,104118.0,104970.74,1137.70532
1749819600000,104852.28,105300.0,104674.14,104732.44,853.87525
1749816000000,105039.48,105290.14,104822.36,104852.29,768.82163
1749812400000,104874.0,105045.79,104640.0,105039.48,522.51084
1749808800000,104830.36,104925.1,104425.79,104874.01,531.07719
1749805200000,104739.44,104916.0,104500.0,104830.36,688.51868
1749801600000,104895.01,105434.34,104690.85,104739.45,1404.55532
1749798000000,104704.27,104970.12,104376.43,104895.0,1192.2614
1749794400000,104002.26,104722.5,103825.11,104704.26,812.26154
1749790800000,104404.52,104450.0,104000.0,104002.25,650.15589
1749787200000,104277.22,104506.36,103782.75,104404.52,700.3376
1749783600000,103641.2,104590.0,103605.12,104277.22,1292.28749
1749780000000,103773.65,103976.64,103065.58,103641.21,1362.18578
1749776400000,103797.81,103938.59,102664.31,103773.65,3550.75225
1749772800000,105671.74,105694.0,103213.87,103797.81,5330.14891
1749769200000,105890.69,106140.0,105671.72,105671.73,485.11901
1749765600000,105894.32,106225.4,105726.65,105890.7,576.44703
1749762000000,105973.61,106430.39,105860.9,105894.31,679.88503
1749758400000,106789.8,106960.77,105772.73,105973.62,2315.98411
1749754800000,107561.36,107879.92,106680.0,106788.8,704.93602
1749751200000,108287.4,108419.21,107229.47,107561.35,522.24144
1749747600000,107744.7,108450.16,107702.42,108287.4,769.24972
1749744000000,107020.96,107858.32,106985.38,107744.71,562.58066
1749740400000,107612.7,107822.5,106890.88,107020.95,655.00365
1749736800000,107070.8,107721.17,107070.8,107612.69,862.27021
1749733200000,106988.55,107198.75,106600.0,107070.8,920.69916
1749729600000,106900.95,107431.82,106870.0,106988.54,763.31238
1749726000000,107323.16,107349.31,106874.47,106900.95,628.23956
1749722400000,107507.35,107518.85,107200.0,107323.16,521.81989
1749718800000,107731.67,107771.55,107488.95,107507.35,309.4496
1749715200000,107633.53,107835.83,107440.13,107731.67,406.91931
1749711600000,107909.02,107961.01,107438.65,107633.53,702.19948
1749708000000,107746.91,107993.58,107640.33,107909.02,438.0718
1749704400000,107765.13,107922.43,107593.67,107746.91,355.94523
1749700800000,107860.04,107917.41,107320.0,107765.12,841.46439
1749697200000,108400.52,108448.03,107730.0,107860.05,1933.71635
1749693600000,108515.99,108759.0,108390.34,108400.52,897.03762
1749690000000,108706.0,108706.0,108258.49,108515.99,531.45564
1749686400000,108645.13,108813.55,108326.55,108705.99,394.62489
1749682800000,108443.38,108691.87,108324.0,108645.12,335.90773
1749679200000,108508.17,108633.38,108064.0,108443.38,692.16947
1749675600000,108906.45,109219.51,108367.94,108508.18,462.92455
1749672000000,108742.37,109001.5,108480.0,108906.44,360.27215
1749668400000,108807.25,108960.0,108576.0,108742.37,459.75917
1749664800000,108984.72,109072.91,108412.01,108807.25,963.32708
1749661200000,109439.38,109768.85,108964.16,108984.72,724.99224
1749657600000,109735.7,109815.84,109341.79,109439.38,689.45368
1749654000000,109866.69,110042.9,109660.72,109735.7,808.45996
1749650400000,109684.0,110392.01,109650.94,109866.69,1345.14543
1749646800000,109714.87,109900.0,109301.42,109684.0,948.34709
1749643200000,109252.1,109927.04,109008.82,109714.87,1297.31517
1749639600000,109373.13,109391.75,109193.89,109252.09,249.30459
1749636000000,109269.82,109468.67,109200.0,109373.12,390.96093
1749632400000,109576.03,109603.57,109233.62,109269.83,579.74506
1749628800000,109446.74,109675.69,109446.73,109576.02,413.74462
1749625200000,109595.02,109745.29,109446.73,109446.74,306.34832
1749621600000,109468.04,109679.24,109373.67,109595.01,322.84155
1749618000000,109562.75,109650.59,109430.38,109468.03,198.18742
1749614400000,109722.95,109735.24,109552.68,109562.75,173.09706
1749610800000,109677.03,109858.23,109622.03,109722.95,251.1783
1749607200000,109605.53,109858.22,109533.97,109677.03,257.11312
1749603600000,109825.55,109832.94,109565.1,109605.53,388.64877
1749600000000,110274.39,110274.4,109780.0,109825.54,496.67292
1749596400000,109727.88,110299.73,109600.0,110274.39,620.64617
1749592800000,109863.06,110181.1,109610.4,109727.87,482.13147
1749589200000,109960.01,110000.0,109420.0,109863.07,453.96715
1749585600000,109526.3,110018.07,109239.68,109960.0,609.61756
1749582000000,109282.38,110400.0,109282.37,109526.3,1266.2179
1749578400000,108711.37,109480.67,108518.86,109282.38,477.70957
1749574800000,108720.61,109064.06,108616.68,108711.37,359.45497
1749571200000,109015.41,109251.41,108690.59,108720.61,536.4776
1749567600000,108620.0,109199.99,108331.03,109015.42,1443.70766
1749564000000,109305.28,109332.45,108468.29,108620.01,1840.47344
1749560400000,109697.75,109900.81,108888.88,109305.28,1408.6638
1749556800000,109541.93,109700.0,109415.62,109697.76,554.16291
1749553200000,109303.61,109851.8,109199.81,109541.28,881.83399
1749549600000,109508.78,109573.3,109275.43,109303.61,324.81871
1749546000000,109082.65,109521.84,109065.14,109508.78,615.65872
1749542400000,109205.14,109415.1,109056.9,109082.65,522.59315
1749538800000,109502.69,109517.16,109095.67,109205.14,990.69176
1749535200000,109310.49,109650.0,109161.0,109502.68,427.51687
1749531600000,109528.55,109737.68,109200.0,109310.49,529.37516
1749528000000,109568.03,109649.98,109366.0,109528.55,369.49008
1749524400000,109650.95,109684.89,109382.38,109568.02,369.14727
1749520800000,109788.58,109788.58,109381.24,109650.94,568.91009
1749517200000,109913.91,109953.98,109648.29,109788.57,524.96936
1749513600000,110263.02,110311.82,109909.54,109913.91,893.59303
1749510000000,110177.28,110313.99,109866.18,110263.02,961.34621
1749506400000,109973.74,110420.0,109734.92,110177.28,1243.72377
1749502800000,108706.74,110530.17,108706.73,109973.75,3520.02143
1749499200000,108565.86,108736.19,108456.08,108706.74,326.05236
1749495600000,108446.18,108767.24,108339.68,108564.72,610.54706
1749492000000,108337.57,108552.44,108284.5,108446.18,521.19201
1749488400000,107697.52,108422.28,107659.35,108337.56,661.80863
1749484800000,107635.91,108127.16,107635.91,107697.51,895.91837
1749481200000,107610.32,108020.0,107522.79,107635.91,627.93587
1749477600000,107026.48,108000.0,107026.48,107610.33,1005.76983
1749474000000,107750.39,107893.4,106860.0,107026.47,1035.50084
1749470400000,107759.21,107990.0,107540.22,107750.39,875.21201
1749466800000,107179.7,107806.0,107146.18,107759.21,1299.03104
1749463200000,106612.53,107464.77,106565.3,107179.7,1524.82298
1749459600000,105926.4,106888.0,105832.0,106612.52,1140.00074
1749456000000,105560.71,105949.09,105473.57,105926.39,461.1018
1749452400000,105692.84,105692.84,105500.0,105560.71,194.49207
1749448800000,105379.12,105692.84,105319.0,105692.83,454.58589
1749445200000,105449.21,105522.87,105325.6,105379.11,319.63601
1749441600000,105659.14,105717.3,105428.02,105449.21,501.62589
1749438000000,105560.9,105700.37,105318.37,105659.13,525.2294
1749434400000,105527.71,105724.76,105475.48,105560.89,237.10673
1749430800000,105706.34,105740.9,105427.53,105527.71,390.41065
1749427200000,105734.01,105966.33,105581.44,105706.34,642.30292
1749423600000,105770.55,105775.99,105545.71,105734.0,414.85324
1749420000000,106331.92,106360.85,105674.7,105770.55,441.89266
1749416400000,106147.65,106488.14,106147.65,106331.92,236.61843
1749412800000,106289.99,106319.92,106118.72,106147.66,273.99242
1749409200000,106317.71,106335.9,106180.85,106289.99,155.14719
1749405600000,106082.95,106325.59,106020.46,106317.7,214.12634
1749402000000,106190.0,106360.0,106081.59,106082.95,300.0469
1749398400000,105984.53,106320.77,105943.91,106189.99,430.6459
1749394800000,105829.66,106095.85,105818.18,105984.52,339.9057
1749391200000,105627.9,105910.17,105577.36,105829.66,258.38147
1749387600000,105721.5,106160.19,105577.36,105627.9,891.02348
1749384000000,105686.71,105773.6,105520.25,105721.5,711.6709
1749380400000,105357.64,105720.94,105357.63,105686.71,376.57336
1749376800000,105140.0,105481.24,104964.14,105357.64,605.7311
1749373200000,105373.82,105405.8,105075.51,105140.01,497.00351
1749369600000,105426.46,105495.99,105367.88,105373.81,192.70501
1749366000000,105442.88,105556.15,105410.23,105426.45,167.34238
1749362400000,105438.34,105599.32,105432.96,105442.87,155.65979
1749358800000,105614.37,105653.13,105412.76,105438.34,148.53573
1749355200000,105471.59,105636.53,105408.38,105614.38,151.52478
1749351600000,105441.86,105500.0,105394.03,105471.59,192.88835
1749348000000,105690.32,105690.33,105441.86,105441.87,301.18228
1749344400000,105473.22,105786.33,105400.57,105690.33,312.19485
1749340800000,105552.15,105654.95,105441.86,105473.21,278.41728
1749337200000,105820.52,105820.52,105534.88,105552.15,209.75344
1749333600000,105764.63,105900.0,105664.0,105820.51,179.8611
1749330000000,105846.98,105865.43,105707.39,105764.64,139.73285
1749326400000,105725.91,105900.0,105725.9,105846.98,192.22857
1749322800000,105599.99,105871.33,105599.99,105725.91,360.31008
1749319200000,105393.21,105884.46,105393.2,105599.99,712.93146
1749315600000,105350.68,105558.62,105350.0,105393.21,183.64973
1749312000000,105558.11,105666.66,105279.06,105350.68,279.15265
1749308400000,105431.61,105577.18,105316.98,105558.11,264.34496
1749304800000,105610.53,105688.4,105394.48,105431.61,394.99404
1749301200000,105465.22,105800.0,105309.56,105610.52,478.46327
1749297600000,105150.01,105702.99,105150.0,105465.21,1059.92731
1749294000000,105145.83,105264.0,105050.04,105150.01,382.87799
1749290400000,104848.09,105198.58,104840.29,105145.84,355.28954
1749286800000,104746.44,104942.02,104746.43,104848.09,208.46137
1749283200000,104867.03,104966.69,104689.81,104746.44,233.72481
1749279600000,105316.36,105319.13,104834.27,104867.04,343.94832
1749276000000,104877.37,105319.0,104788.31,105316.37,409.73016
1749272400000,104820.0,105000.0,104751.16,104877.36,292.29171
1749268800000,104871.59,104880.32,104643.62,104819.99,263.09442
1749265200000,104531.58,104910.77,104484.52,104871.58,482.21131
1749261600000,104453.55,104611.68,104328.18,104531.57,266.07012
1749258000000,104511.68,104567.89,104348.83,104453.56,211.2017
1749254400000,104288.43,104511.69,103871.09,104511.69,440.68115
1749250800000,104476.82,104487.28,104193.32,104288.44,230.83152
1749247200000,104386.29,104485.91,104232.55,104476.81,240.44272
1749243600000,104478.07,104488.38,104300.0,104386.29,362.2665
1749240000000,104219.8,104617.56,104167.98,104478.07,332.96273
1749236400000,104497.69,104601.87,104013.21,104219.8,569.98192
1749232800000,104922.14,104982.38,104475.93,104497.69,373.48505
1749229200000,104758.28,104975.47,104390.18,104922.14,761.7073
1749225600000,105092.28,105284.0,104708.08,104758.27,1057.7328
1749222000000,104776.7,105333.0,104616.12,105092.28,1335.00321
1749218400000,104098.84,104880.88,104004.83,104776.7,991.71953
1749214800000,103753.26,104529.65,103753.26,104098.84,950.84579
1749211200000,103927.99,104300.0,103513.7,103753.27,1382.8038
1749207600000,103676.24,103991.45,103643.78,103927.99,524.28446
1749204000000,103643.99,103800.0,103553.31,103676.25,580.32136
1749200400000,103510.25,103750.0,103510.24,103643.98,621.57206
1749196800000,103150.44,103589.0,103150.43,103510.25,492.04854
1749193200000,103160.0,103468.66,103050.9,103150.44,585.47496
1749189600000,102954.23,103210.06,102896.1,103160.0,638.68853
1749186000000,102777.01,102954.24,102683.22,102954.24,461.43449
1749182400000,102493.3,102799.23,102387.38,102777.0,593.0447
1749178800000,102203.53,102520.0,102056.23,102493.3,774.57977
1749175200000,101841.19,102208.28,101535.61,102203.52,725.19187
1749171600000,101900.77,101944.89,101681.77,101841.2,378.25915
1749168000000,101508.69,101907.0,101095.8,101900.77,874.39109
1749164400000,101502.61,101835.7,101488.37,101508.68,762.68132
1749160800000,101542.82,101707.77,101029.46,101502.61,949.97233
1749157200000,100483.92,101658.17,100428.0,101542.82,2188.11746
1749153600000,101914.76,102171.44,100372.26,100483.91,3383.41936
1749150000000,103006.04,103036.91,101596.62,101914.77,2448.38476
1749146400000,103240.04,103354.56,102581.56,103006.05,1385.84959
1749142800000,103262.54,103581.4,103140.0,103240.04,962.55375
1749139200000,104531.5,104598.87,103258.0,103262.53,1390.7435
1749135600000,104639.21,104871.31,104330.18,104531.49,713.68921
1749132000000,104527.0,104927.79,103900.0,104639.2,1874.15172
1749128400000,105649.6,105909.71,104303.64,104527.0,1449.94992
1749124800000,104827.79,105776.99,104790.69,105649.59,1029.99302
1749121200000,104659.25,104847.52,104551.64,104827.8,180.80524
1749117600000,104900.0,104900.01,104517.43,104659.24,304.88123
1749114000000,104675.36,104920.0,104675.35,104900.0,298.63026
1749110400000,104518.05,104681.28,104424.52,104675.36,277.44002
1749106800000,104452.94,104636.46,104424.52,104518.05,321.50806
1749103200000,104649.22,104696.73,104380.0,104452.93,416.36718
1749099600000,105173.72,105189.22,104570.43,104649.23,673.16476
1749096000000,105047.15,105226.14,105032.95,105173.71,182.6561
1749092400000,104989.48,105064.95,104880.2,105047.15,198.77038
1749088800000,104774.92,105240.84,104774.92,104989.48,396.55703
1749085200000,104976.75,105155.55,104697.84,104774.92,288.56241
1749081600000,104696.86,104976.75,104651.16,104976.74,242.65293
1749078000000,104775.37,104864.5,104625.15,104696.86,176.30335
1749074400000,104930.61,105034.91,104744.18,104775.36,158.79559
1749070800000,104609.88,105045.79,104549.83,104930.61,304.21199
1749067200000,104913.52,104959.64,104407.16,104609.87,484.36457
1749063600000,104951.54,105079.99,104865.25,104913.52,282.68857
1749060000000,105051.11,105300.0,104920.01,104951.54,301.21483
1749056400000,105445.9,105483.14,104963.64,105051.1,399.33188
1749052800000,105298.26,105464.85,105094.0,105445.89,468.85884
1749049200000,105033.3,105542.0,104928.65,105298.27,938.94287
1749045600000,104761.17,105045.79,104179.0,105033.3,1446.2321
1749042000000,105039.2,105272.3,104720.0,104761.17,633.64563
1749038400000,105084.36,105157.27,104794.5,105039.19,887.65828
1749034800000,105705.13,105820.04,105080.26,105084.36,2112.4711
1749031200000,105825.31,106000.0,105650.96,105705.13,390.95549
1749027600000,105435.93,105919.26,105329.54,105825.31,986.00175
1749024000000,105320.75,105585.45,105320.75,105435.93,351.33591
1749020400000,105301.03,105469.0,105264.23,105320.75,247.91386
1749016800000,105354.14,105436.64,105250.0,105301.02,613.5989
1749013200000,105407.06,105549.03,105340.66,105354.14,1117.59375
1749009600000,105519.26,105611.96,105404.25,105407.05,264.21374
1749006000000,105476.22,105745.29,105444.32,105519.27,280.68523
1749002400000,105592.9,105839.63,105415.09,105476.22,250.94227
1748998800000,105476.2,105740.0,105422.59,105592.9,442.93676
1748995200000,105376.9,105524.96,105132.27,105476.2,493.99756
1748991600000,105743.74,105743.74,105266.02,105376.89,369.07549
1748988000000,105367.92,105902.93,105308.0,105743.74,299.07218
1748984400000,105738.7,105847.71,105274.95,105367.93,366.43282
1748980800000,106238.81,106254.92,105353.5,105738.69,512.78907
1748977200000,106013.15,106428.58,106013.15,106238.81,403.87736
1748973600000,105943.99,106047.62,105592.17,106013.15,412.4498
1748970000000,105817.63,106142.86,105758.25,105943.98,392.12835
1748966400000,106610.66,106666.67,105800.0,105817.63,798.97951
1748962800000,106550.01,106794.67,106333.33,106610.66,1120.18715
1748959200000,105421.54,106692.43,105150.94,106550.01,1681.31099
1748955600000,105307.94,105666.67,105031.6,105421.55,737.70303
1748952000000,105287.24,105425.38,105224.25,105307.94,404.97079
1748948400000,105281.0,105349.94,105173.87,105287.24,272.00092
1748944800000,105198.12,105343.01,105146.99,105280.99,376.17348
1748941200000,105094.93,105284.74,105067.74,105198.11,353.4813
1748937600000,105170.76,105245.29,104872.5,105094.93,579.75676
1748934000000,105429.67,105438.02,105161.84,105170.75,412.13809
1748930400000,105452.09,105463.19,105218.0,105429.67,497.04209
1748926800000,105166.93,105472.1,105166.92,105452.08,465.42429
1748923200000,105482.03,105513.02,105116.2,105166.92,433.84543
1748919600000,105612.47,105712.72,105340.18,105482.02,441.33737
1748916000000,106481.76,106500.0,105577.36,105612.46,691.63486
1748912400000,106285.72,106488.0,106110.53,106481.75,485.1048
1748908800000,105858.0,106400.0,105747.14,106285.72,752.61041
1748905200000,105695.5,105931.44,105575.47,105857.99,540.70423
1748901600000,104941.99,105800.0,104941.99,105695.49,784.02023
1748898000000,104878.61,105096.66,104575.37,104942.0,303.58011
1748894400000,104425.64,104995.93,104425.64,104878.62,440.97656
1748890800000,104361.54,104510.96,104050.96,104425.63,339.8615
1748887200000,104399.89,104731.95,104200.0,104361.54,367.55001
1748883600000,104286.06,104490.57,104095.23,104399.89,372.61381
1748880000000,104438.79,104450.01,104030.01,104286.06,501.02384
1748876400000,104176.61,104565.32,103905.1,104438.79,580.0461
1748872800000,103799.99,104679.25,103659.88,104176.62,1127.64518
1748869200000,104200.32,104570.57,103700.0,103800.0,1053.66155
1748865600000,104047.63,104281.98,103862.5,104200.32,696.19227
1748862000000,104370.85,104487.82,103941.0,104047.64,725.6249
1748858400000,104585.37,104660.0,104254.71,104370.85,704.18464
1748854800000,105328.43,105335.99,104483.64,104585.36,998.9363
1748851200000,105387.67,105935.63,105241.18,105328.43,705.16393
1748847600000,105162.39,105438.87,105162.38,105387.67,346.57956
1748844000000,104833.79,105266.87,104732.38,105162.38,470.58034
1748840400000,104765.48,104918.04,104610.13,104833.79,244.85997
1748836800000,104829.27,104997.06,104700.03,104765.48,262.60797
1748833200000,105026.97,105055.1,104571.42,104829.27,586.76964
1748829600000,105388.58,105414.64,105019.05,105026.98,500.23301
1748826000000,105427.48,105658.38,105349.63,105388.59,368.13444
1748822400000,105642.93,105735.42,105404.31,105427.48,432.43804
1748818800000,105512.17,105866.91,105466.39,105642.93,413.01524
1748815200000,105496.54,105737.84,105414.63,105512.18,474.08063
1748811600000,104948.91,105504.67,104926.82,105496.54,414.58616
1748808000000,105121.95,105300.0,104893.72,104948.91,324.69341
1748804400000,104900.01,105156.73,104805.44,105121.94,361.59685
1748800800000,105066.34,105066.34,104319.79,104900.01,575.5374
1748797200000,105038.8,105192.99,104986.2,105066.33,319.00519
1748793600000,104715.1,105299.21,104659.47,105038.8,1174.8504
1748790000000,104599.7,104809.53,104502.99,104715.1,409.06118
1748786400000,104259.19,104773.59,104259.19,104599.7,782.69419
1748782800000,103956.25,104424.64,103951.61,104259.2,323.14616
1748779200000,104082.67,104190.48,103783.01,103956.26,354.08075
1748775600000,103930.98,104152.24,103845.46,104082.68,286.47453
1748772000000,103934.35,104040.52,103773.69,103930.99,302.13053
1748768400000,104386.6,104459.07,103752.49,103934.34,679.61906
1748764800000,104275.95,104386.6,104220.7,104386.6,247.34836
1748761200000,104258.93,104370.38,104202.48,104275.95,191.3218
1748757600000,104536.57,104536.58,104195.12,104258.93,257.26107
1748754000000,104633.16,104714.29,104450.0,104536.57,214.06083
1748750400000,104381.03,104729.99,104360.9,104633.16,272.61866
1748746800000,104195.13,104464.1,103971.7,104381.03,259.25466
1748743200000,104126.08,104324.21,103924.52,104195.12,313.34738
1748739600000,104446.49,104505.58,103991.37,104126.07,466.13267
1748736000000,104591.88,104647.11,104320.02,104446.49,293.78295
1748732400000,104625.79,104840.0,104473.2,104591.88,360.75652
1748728800000,104863.16,104900.0,104603.08,104625.8,228.10691
1748725200000,104781.84,104884.16,104645.73,104863.16,317.26216
1748721600000,104698.03,104807.94,104533.54,104781.83,150.05341
1748718000000,104487.81,104750.0,104487.8,104698.02,233.47406
1748714400000,104349.06,104619.05,104349.05,104487.81,165.7009
1748710800000,104490.56,104619.05,104261.39,104349.06,343.45658
1748707200000,104556.08,104780.49,104400.0,104490.57,495.10689
1748703600000,104573.91,104846.15,104443.39,104556.08,714.30044
1748700000000,104117.31,104583.48,104117.3,104573.92,795.27913
1748696400000,104033.95,104200.0,103978.0,104117.3,624.03528
1748692800000,103498.17,104033.96,103480.11,104033.96,728.70156
1748689200000,103410.01,103523.81,103311.32,103498.18,479.80598
1748685600000,103538.02,103599.36,103285.71,103410.0,386.05919
1748682000000,103648.32,103737.49,103482.55,103538.01,296.10498
1748678400000,103747.03,103809.51,103513.84,103648.32,300.058
1748674800000,103862.52,103862.52,103633.35,103747.02,327.26511
1748671200000,103538.93,103903.54,103530.64,103862.52,275.22705
1748667600000,103812.0,103911.1,103519.74,103538.94,459.85245
1748664000000,103684.0,103820.68,103487.99,103812.0,362.42657
1748660400000,103189.83,103692.3,103068.55,103684.01,648.80769
1748656800000,103476.6,103852.18,103102.59,103189.83,624.53338
1748653200000,103957.33,104195.13,103269.87,103476.61,1041.88047
1748649600000,103985.47,104292.69,103550.0,103957.33,931.10451
1748646000000,103966.32,104260.0,103621.0,103985.48,937.13867
1748642400000,104631.6,104804.32,103966.32,103966.33,658.81848
1748638800000,104579.99,104878.05,104553.7,104631.59,288.73316
1748635200000,104640.49,104846.13,104398.93,104580.0,400.3719
1748631600000,104891.98,104988.97,104484.86,104640.5,691.96122
1748628000000,104183.15,104914.02,104065.08,104891.99,839.08091
1748624400000,103898.75,104292.69,103836.03,104183.15,1096.10894
1748620800000,105543.0,105560.98,103706.71,103898.75,2576.2408
1748617200000,105346.34,105831.0,105291.12,105543.0,842.00636
1748613600000,105495.6,105837.57,105047.61,105346.33,1209.39338
1748610000000,105684.95,105979.35,105366.14,105495.59,956.14556
1748606400000,105880.5,106000.0,105153.84,105684.96,1168.81206
1748602800000,105925.05,105981.75,105700.0,105880.51,520.93192
1748599200000,105623.04,105938.44,105285.71,105925.06,845.87516
1748595600000,105177.34,105666.67,104606.01,105623.04,1181.32648
1748592000000,105028.03,105367.31,104841.42,105177.33,915.44822
1748588400000,105711.77,105850.0,104727.72,105028.02,2105.75378
1748584800000,106083.43,106135.17,105535.07,105711.77,1083.16822
1748581200000,106112.08,106313.12,106018.79,106083.42,420.63382
1748577600000,106024.33,106136.0,105904.76,106112.08,577.59911
1748574000000,106000.01,106193.58,105913.35,106024.33,608.67187
1748570400000,105666.67,106172.3,105650.0,106000.0,767.82001
1748566800000,104940.0,105925.92,104940.0,105666.66,1178.59954
1748563200000,105589.75,106214.93,104600.5,104939.99,1835.85842
1748559600000,105929.08,106078.47,105322.86,105589.75,853.19262
1748556000000,106443.02,106460.0,105906.65,105929.07,391.58161
1748552400000,106180.0,106470.69,106099.41,106443.01,323.40615
1748548800000,105731.74,106221.91,105729.02,106180.0,588.90778
1748545200000,105837.14,106090.45,105639.3,105731.74,1138.17489
1748541600000,106303.6,106617.77,105804.87,105837.13,1056.11722
1748538000000,106724.42,106889.39,106117.51,106303.6,1344.30205
1748534400000,107019.9,107168.23,106570.99,106724.42,1143.70436
1748530800000,107622.53,107737.7,106955.91,107019.89,856.64056
1748527200000,107601.08,107835.33,106474.0,107622.54,2202.01745
1748523600000,108434.78,108590.88,107430.56,107601.08,1476.99596
1748520000000,108779.83,108797.25,108375.71,108434.78,635.2207
1748516400000,108746.01,108891.91,108666.09,108779.84,484.21621
1748512800000,108520.01,108857.15,108381.76,108746.01,766.2731
1748509200000,108492.5,108637.01,108320.0,108520.01,551.68067
1748505600000,107880.73,108553.62,107681.81,108492.49,723.1397
1748502000000,107915.46,108012.79,107752.54,107880.72,420.81581
1748498400000,107681.81,107945.47,107643.18,107915.46,332.12973
1748494800000,107564.44,107765.95,107492.36,107681.81,384.95323
1748491200000,108044.87,108106.94,106948.01,107564.44,1149.18527
1748487600000,108426.93,108430.76,107955.47,108044.88,611.48079
1748484000000,108156.23,108484.61,107931.15,108426.94,690.46291
1748480400000,108285.31,108347.78,107812.85,108156.23,977.95629
1748476800000,107781.78,108297.87,107421.12,108285.32,732.1461
1748473200000,107400.73,108043.95,107400.73,107781.78,716.28736
1748469600000,107495.74,107495.74,107150.0,107400.73,296.55247
1748466000000,107318.19,107575.56,107185.9,107495.74,307.12595
1748462400000,106946.0,107403.82,106769.43,107318.18,518.47491
1748458800000,107476.54,107798.14,106938.24,106946.01,805.61276
1748455200000,107679.01,107842.29,107388.0,107476.55,436.1546
1748451600000,107420.0,107832.38,107363.63,107679.01,886.65781
1748448000000,107107.31,107457.59,107107.31,107420.0,629.26184
1748444400000,107522.71,107677.28,107045.45,107107.31,2226.89421
1748440800000,108068.45,108253.03,107466.02,107522.72,2045.96247
1748437200000,108891.94,108985.05,108010.0,108068.45,1104.53138
1748433600000,108870.39,109053.39,108784.27,108891.94,373.67089
1748430000000,108829.0,108950.0,108719.89,108870.38,249.29417
1748426400000,108789.17,108944.22,108258.01,108829.01,542.89413
1748422800000,109040.45,109076.61,108507.23,108789.17,623.66656
1748419200000,108816.44,109130.44,108602.9,109040.45,475.37342
1748415600000,108727.28,109007.71,108720.0,108816.44,345.62936
1748412000000,108999.99,109000.0,108636.36,108727.27,383.05025
1748408400000,108971.87,109089.68,108841.57,109000.0,278.93308
1748404800000,108863.64,109061.6,108624.43,108971.87,383.9071
1748401200000,108627.41,108962.1,108569.09,108863.64,370.01313
1748397600000,108667.99,108869.57,108400.0,108627.42,723.16256
1748394000000,109205.39,109284.7,108624.33,108667.99,432.06306
1748390400000,108938.17,109261.76,108665.18,109205.39,478.61482
1748386800000,109027.0,109159.28,108919.24,108938.17,389.82164
1748383200000,108918.08,109170.49,108600.0,109027.01,695.95406
1748379600000,109551.69,109690.94,108824.85,108918.07,575.42749
1748376000000,109877.87,109897.49,109551.69,109551.69,282.59269
1748372400000,109890.62,110064.71,109574.46,109877.87,493.59702
1748368800000,110232.46,110409.11,109828.92,109890.62,663.24539
1748365200000,110217.4,110454.95,109968.0,110232.46,599.07105
1748361600000,110140.11,110499.64,109956.03,110217.39,868.1346
1748358000000,109374.75,110240.83,109010.33,110140.11,1449.68899
1748354400000,109837.26,110217.4,108670.29,109374.75,2073.92899
1748350800000,109603.03,110718.0,109581.46,109837.26,2819.7582
1748347200000,109585.49,109826.91,109456.5,109603.02,434.51585
1748343600000,109698.57,109783.53,109439.71,109585.49,450.26661
1748340000000,109830.24,109852.0,109639.64,109698.57,253.14136
1748336400000,109695.66,109899.0,109428.98,109830.25,615.70678
1748332800000,109540.0,109777.77,109492.59,109695.65,567.33883
1748329200000,108828.18,109636.37,108828.18,109547.16,710.52493
1748325600000,108923.36,109290.03,108826.08,108828.19,1335.64871
1748322000000,108952.64,108969.76,108550.0,108923.36,667.51791
1748318400000,108892.15,109355.11,108863.63,108952.65,626.46795
1748314800000,108272.73,109298.43,108268.0,108892.16,1100.79535
1748311200000,108385.32,108697.94,107894.95,108272.72,818.93423
1748307600000,109136.37,109136.37,107516.57,108385.31,2302.30401
1748304000000,109434.78,109666.0,109128.72,109136.37,482.27371
1748300400000,109190.47,109466.06,109057.74,109434.79,268.65717
1748296800000,109346.68,109888.89,109173.91,109190.48,390.94918
1748293200000,109606.5,109646.45,109136.36,109346.68,282.33947
1748289600000,109130.44,109624.85,108940.0,109606.5,338.4709
1748286000000,109101.96,109193.66,108858.28,109130.44,334.66026
1748282400000,109171.9,109460.89,109010.97,109101.97,293.71183
1748278800000,109391.37,109693.24,108871.21,109171.91,713.14566
1748275200000,110009.83,110422.22,109089.43,109391.37,1696.47921
1748271600000,109652.51,110420.74,109529.57,110009.82,1417.39714
1748268000000,109595.64,109739.14,109499.92,109652.51,768.91932
1748264400000,109826.91,109980.0,109494.74,109595.65,546.39868
1748260800000,109772.73,110086.96,109666.66,109826.92,380.50527
1748257200000,109643.55,109836.0,109556.69,109772.72,325.29275
1748253600000,109712.56,109857.15,109571.42,109643.56,276.23009
1748250000000,109666.39,109996.2,109600.0,109712.56,524.59189
1748246400000,110094.62,110173.92,109606.32,109666.4,528.16161
1748242800000,109928.37,110228.11,109728.37,110094.62,933.69745
1748239200000,109650.0,109951.2,109519.4,109928.37,463.70135
1748235600000,109541.31,109688.05,109365.29,109650.01,537.14753
1748232000000,109623.54,109737.71,109510.58,109541.3,537.86277
1748228400000,109387.73,109765.74,109273.51,109623.53,563.40876
1748224800000,109545.45,109772.72,109172.36,109387.72,638.12107
1748221200000,109540.45,109844.91,109224.0,109545.46,968.05223
1748217600000,109004.2,109600.0,108670.58,109540.46,921.21434
1748214000000,109165.99,109299.99,108570.16,109004.19,996.60359
1748210400000,107466.69,109200.0,107350.01,109166.0,1652.91716
1748206800000,107677.36,107914.44,107176.0,107466.7,314.15348
1748203200000,107717.02,107754.24,107409.09,107677.35,360.39184
1748199600000,107413.34,107940.95,107413.33,107717.01,255.5344
1748196000000,107363.36,107600.0,107272.72,107413.34,187.95214
1748192400000,107174.41,107374.38,107111.56,107363.37,232.07576
1748188800000,106967.97,107243.36,106640.52,107174.4,1428.32141
1748185200000,107355.0,107420.98,106600.64,106967.97,3145.57829
1748181600000,107521.74,107653.68,107137.56,107355.0,701.7807
1748178000000,107530.57,107743.34,107300.0,107521.75,446.62388
1748174400000,107259.99,107625.0,107181.81,107530.57,799.16485
1748170800000,106946.4,107272.73,106834.34,107260.0,587.12489
1748167200000,107131.68,107390.89,106826.53,106946.4,780.43314
1748163600000,107109.4,107258.29,106708.98,107131.67,1082.98139
1748160000000,107681.82,107700.65,106926.14,107109.41,948.81757
1748156400000,107938.0,107938.0,107454.54,107681.81,502.48123
1748152800000,108103.99,108136.37,107687.21,107938.0,378.11797
1748149200000,108245.21,108288.69,107972.02,108103.98,167.94588
1748145600000,108095.76,108275.7,107941.96,108245.21,245.16657
1748142000000,107928.8,108257.14,107923.6,108095.75,422.72429
1748138400000,107656.21,108000.0,107480.29,107928.8,339.41198
1748134800000,107443.9,108007.29,107206.0,107656.22,702.14525
1748131200000,107761.9,108130.44,107286.28,107443.9,1031.59929
1748127600000,108100.5,108396.97,107500.0,107761.91,2233.41293
1748124000000,108818.18,108818.19,107977.67,108100.5,666.17978
1748120400000,108863.63,108863.64,108580.11,108818.18,260.12572
1748116800000,108960.0,109125.0,108863.63,108863.63,220.43889
1748113200000,108827.0,109019.6,108800.0,108960.0,297.31317
1748109600000,108920.03,109076.2,108781.54,108827.01,170.00615
1748106000000,108997.68,109200.0,108882.35,108920.03,258.09912
1748102400000,108929.71,109096.13,108682.36,108997.67,290.13693
1748098800000,108959.1,109212.76,108819.12,108929.7,382.11963
1748095200000,108590.28,109036.81,108590.28,108959.09,422.11246
1748091600000,108776.63,108894.25,108540.0,108590.29,575.75967
1748088000000,109208.57,109282.81,108636.36,108776.63,1286.18727
1748084400000,109094.99,109506.03,109094.99,109208.56,2198.07764
1748080800000,108161.7,109258.94,108152.01,109094.99,2231.65558
1748077200000,108251.23,108434.0,108158.09,108161.69,467.30605
1748073600000,107587.75,108285.39,107587.74,108251.23,520.00591
1748070000000,107959.99,108227.27,107566.37,107587.75,458.42202
1748066400000,108235.69,108342.53,107683.96,107959.99,682.2587
1748062800000,108485.06,108530.73,108126.99,108235.68,437.82917
1748059200000,108366.31,108582.33,108300.0,108485.07,403.76377
1748055600000,107803.84,108367.54,107750.64,108366.3,573.36983
1748052000000,107479.24,107900.11,107243.1,107803.84,383.40402
1748048400000,107366.68,107875.66,107352.75,107479.24,437.55116
1748044800000,107318.3,107680.83,106875.41,107366.68,926.99572
1748041200000,107797.37,107898.34,106800.0,107318.3,1387.0961
1748037600000,108282.89,108590.9,107638.96,107797.37,816.9094
1748034000000,108236.53,108664.65,108055.0,108282.89,561.89055
1748030400000,108714.01,108727.28,108186.55,108236.53,592.39199
1748026800000,108794.09,109157.85,108605.12,108716.07,767.19773
1748023200000,109413.02,109494.8,108654.82,108794.09,750.38683
1748019600000,109068.87,109809.53,109022.82,109413.03,1158.19809
1748016000000,108940.0,109222.42,108001.0,109068.87,2275.39816
1748012400000,109672.01,109850.02,108916.0,108940.0,1153.19085
1748008800000,109634.99,109992.75,109505.0,109672.01,1726.66757
1748005200000,108412.77,109714.7,107922.82,109634.99,3726.35919
1748001600000,109076.36,109096.39,107316.0,108412.77,6557.04047
1747998000000,111061.24,111092.5,108888.0,109076.35,2661.79754
1747994400000,111335.02,111335.02,110816.34,111061.24,428.14347
1747990800000,110935.24,111381.61,110909.46,111335.02,588.81353
1747987200000,110715.41,111030.12,110715.41,110935.24,525.4318
1747983600000,110526.01,110857.15,110523.8,110715.42,1083.90073
1747980000000,110855.47,110857.15,110407.89,110526.01,861.12423
1747976400000,110844.19,110951.7,110658.72,110855.47,540.83274
1747972800000,111100.0,111181.82,110547.98,110844.19,740.6573
1747969200000,111272.73,111374.54,111000.13,111100.01,489.0438
1747965600000,111327.69,111618.93,111193.9,111272.72,656.2768
1747962000000,111613.58,111739.14,111201.86,111327.69,865.20204
1747958400000,111696.22,111800.0,111382.97,111613.58,823.77218
1747954800000,111020.93,111717.34,111020.92,111696.21,530.57513
1747951200000,110831.36,111252.03,110831.36,111020.93,412.79621
1747947600000,111076.24,111108.89,110763.27,110831.36,412.2136
1747944000000,111188.0,111431.5,110831.52,111076.24,792.97237
1747940400000,111727.28,111920.0,110916.4,111188.0,940.62549
1747936800000,111502.32,111953.85,111379.22,111727.27,622.21825
1747933200000,111252.36,111980.0,111168.03,111502.31,917.63574
1747929600000,111290.85,111782.61,111087.25,111252.36,780.15322
1747926000000,110897.89,111529.72,110787.8,111290.86,1200.91956
1747922400000,110914.49,111397.94,110550.0,110897.9,1686.01739
1747918800000,111608.69,111625.75,110904.0,110914.49,1601.31192
1747915200000,110981.98,111626.43,110804.72,111608.69,1598.01131
1747911600000,110805.23,111326.2,110500.0,110981.97,965.26641
1747908000000,110821.3,110952.39,110601.0,110805.22,823.91343
1747904400000,110409.1,110840.0,110272.72,110821.3,1046.51732
1747900800000,111045.45,111162.18,110381.46,110409.09,1178.49072
1747897200000,110606.07,111139.71,110461.87,111045.45,1165.97838
1747893600000,110880.0,111185.82,110478.26,110606.07,1507.16841
1747890000000,111482.43,111672.32,110832.38,110879.99,2584.32531
1747886400000,111780.84,111795.04,111234.4,111482.42,1845.93128
1747882800000,110471.52,111880.0,110339.87,111780.84,2977.5295
1747879200000,109920.69,110981.96,109822.58,110471.51,2116.54822
1747875600000,109954.54,110576.7,109667.0,109920.68,1776.18943
1747872000000,109643.99,110178.49,109177.37,109954.53,2147.46453
1747868400000,108739.36,110797.38,108660.0,109643.99,4705.594915
1747864800000,108414.63,109028.25,108278.97,108739.36,789.45572
1747861200000,108238.09,108560.34,107940.0,108414.64,776.08015
1747857600000,108603.79,108739.14,107725.0,108238.09,1238.80704
1747854000000,106965.05,108857.19,106619.68,108603.79,2579.9617
1747850400000,106592.8,107415.83,106317.0,106965.05,2576.43227
1747846800000,109131.71,109343.01,106117.67,106592.79,6249.91547
1747843200000,108973.34,109845.0,108701.54,109131.7,3551.89039
1747839600000,108999.99,109458.0,108332.26,108973.35,4908.56569
1747836000000,107244.75,109000.0,107009.06,108999.99,4814.02631
1747832400000,106573.1,107662.08,106329.47,107244.76,1192.94496
1747828800000,106546.43,106920.21,106409.92,106573.11,789.95753
1747825200000,106328.56,106741.71,106272.72,106546.44,611.6822
1747821600000,106200.03,106450.0,106136.99,106328.57,551.73093
1747818000000,106372.46,106523.81,106100.01,106200.03,796.53854
1747814400000,106527.17,106797.98,106347.05,106372.45,1022.17805
1747810800000,107751.41,107855.49,106454.54,106527.16,1745.68293
1747807200000,107542.01,107985.05,107294.63,107751.41,1335.30875
1747803600000,107286.99,107718.68,107281.55,107542.0,1194.67386
1747800000000,106843.6,107700.0,106742.85,107287.0,1515.58688
1747796400000,106859.05,107100.0,106748.69,106843.59,708.25056
1747792800000,106500.0,106923.07,106186.79,106859.04,639.36986
1747789200000,106739.55,107086.24,106426.0,106500.0,440.84568
1747785600000,106850.0,107206.94,106459.8,106739.54,795.55996
1747782000000,106775.83,107208.68,106637.5,106849.99,728.43365
1747778400000,106619.0,106894.86,105935.83,106775.83,610.98393
1747774800000,106909.09,107225.68,106132.09,106619.0,988.46204
1747771200000,107026.47,107320.0,106407.66,106909.09,1407.95263
1747767600000,105285.53,107238.37,105220.0,107026.47,1970.3521
1747764000000,106200.32,106419.19,105234.04,105285.54,955.70004
1747760400000,105212.49,106336.37,105212.49,106200.31,1531.99175
1747756800000,105333.67,105523.81,105090.9,105212.49,599.25564
1747753200000,104519.84,105391.27,104482.68,105333.68,683.10716
1747749600000,104448.04,104995.43,104304.34,104519.84,1054.37222
1747746000000,104780.01,104869.57,104184.72,104448.04,1440.3694
1747742400000,105203.75,105203.76,104653.39,104780.0,621.85316
1747738800000,105030.65,105348.67,104913.04,105203.76,485.14026
1747735200000,105285.72,105416.66,105022.72,105030.65,583.62785
1747731600000,105223.0,105390.13,105186.31,105285.72,581.83412
1747728000000,105021.7,105249.11,104847.16,105223.01,675.94019
1747724400000,105454.55,105750.26,104928.44,105021.71,1269.79336
1747720800000,106105.26,106219.99,105381.02,105454.54,635.48643
1747717200000,106220.0,106399.0,106067.36,106105.26,584.56364
1747713600000,105761.92,106250.0,105545.45,106219.99,545.70991
1747710000000,106100.0,106180.75,105533.01,105761.92,1275.86795
1747706400000,106450.01,106853.27,106000.0,106099.99,1168.64729
1747702800000,105727.27,106789.58,105701.46,106450.0,1406.29767
1747699200000,105573.73,106569.99,105554.31,105727.27,1899.74036
1747695600000,105549.92,105829.99,105455.57,105573.74,450.24509
1747692000000,105474.67,105644.41,105182.86,105549.92,1369.62548
1747688400000,105468.0,105514.79,105016.27,105474.67,768.70926
1747684800000,105517.64,105788.87,105321.54,105468.0,683.47777
1747681200000,104778.99,105549.99,104633.55,105517.7,782.3217
1747677600000,105380.96,105561.76,104703.66,104778.98,937.18228
1747674000000,105356.43,105550.01,104940.77,105380.95,1283.57443
1747670400000,104786.42,105435.49,104491.53,105356.44,1500.27726
1747666800000,104328.11,104968.75,104266.14,104786.41,1837.22906
1747663200000,103294.11,104369.0,103181.67,104328.11,1627.19129
1747659600000,102479.94,103527.89,102321.83,103294.11,1554.6245
1747656000000,102963.4,102963.41,102126.16,102479.95,1052.78618
1747652400000,102915.5,103067.83,102782.6,102963.41,530.36927
1747648800000,103061.62,103090.07,102853.81,102915.5,640.39455
1747645200000,103233.9,103425.53,102999.99,103061.61,802.4216
1747641600000,103226.29,103357.6,102920.57,103233.9,710.15374
1747638000000,102208.01,103356.8,102173.91,103226.29,1134.89093
1747634400000,103032.0,103195.67,102000.0,102208.0,2300.40217
1747630800000,103002.07,103118.57,102513.87,103032.01,2036.68924
1747627200000,103605.9,103779.99,102789.0,103002.07,2427.05534
1747623600000,104645.15,104645.15,103534.47,103605.88,1293.59737
1747620000000,105059.97,105192.17,104569.0,104645.15,1063.96715
1747616400000,105260.88,105416.67,104742.53,105059.97,980.73261
1747612800000,106454.27,107108.62,105165.44,105260.88,2492.11697
1747609200000,105928.11,106660.0,105460.0,106454.26,3371.44951
1747605600000,104180.37,105979.99,103963.63,105928.1,1453.37474
1747602000000,104053.05,104601.14,104053.04,104180.38,690.9858
1747598400000,103883.98,104240.0,103285.71,104053.05,1803.51574
1747594800000,104498.01,104761.9,103851.01,103883.97,1074.99209
1747591200000,104836.66,104923.17,103988.0,104498.0,1819.26717
1747587600000,105822.22,105900.0,104836.66,104836.67,1282.22053
1747584000000,105518.0,105980.0,105161.19,105822.22,1218.8757
1747580400000,105270.98,105680.0,104970.03,105518.0,1395.79302
1747576800000,104740.0,105548.0,104556.32,105270.97,2059.10483
1747573200000,103939.65,104800.0,103900.02,104740.0,1284.7537
1747569600000,103800.55,103939.66,103701.4,103939.65,242.85227
1747566000000,103856.8,103998.98,103800.0,103800.54,280.93869
1747562400000,103868.48,103935.4,103800.0,103856.81,261.38595
1747558800000,103912.82,104022.0,103845.23,103868.48,352.23621
1747555200000,103919.39,104088.2,103819.43,103912.82,679.59538
1747551600000,103476.2,103988.0,103443.45,103919.39,462.12182
1747548000000,103648.2,103679.02,103368.36,103476.19,373.91732
1747544400000,103355.01,103685.03,103355.01,103648.2,430.19855
1747540800000,103295.7,103433.78,103295.69,103355.01,148.44304
1747537200000,103346.7,103390.45,103140.32,103295.7,247.02287
1747533600000,103251.49,103360.01,103240.69,103346.7,179.48635
1747530000000,103382.81,103405.12,103134.49,103251.49,182.56775
1747526400000,103126.65,103409.98,103105.09,103382.8,304.88823
1747522800000,103031.03,103212.0,102950.23,103126.65,180.76198
1747519200000,103243.68,103243.68,102900.72,103031.03,402.93806
1747515600000,103372.03,103477.87,103121.62,103243.69,922.48164
1747512000000,103158.6,103433.78,103081.71,103372.04,286.01224
1747508400000,102987.21,103204.07,102928.3,103158.6,243.69127
1747504800000,103130.43,103350.0,102956.52,102987.2,387.59976
1747501200000,102938.32,103292.88,102928.8,103130.43,312.20248
1747497600000,102939.52,103106.07,102761.9,102938.32,344.47339
1747494000000,103124.8,103179.51,102936.0,102939.53,256.86045
1747490400000,102713.33,103180.0,102707.72,103124.8,281.64444
1747486800000,102927.58,103103.47,102640.02,102713.34,446.71269
1747483200000,102994.18,103066.43,102892.38,102927.57,287.44977
1747479600000,102873.74,103099.84,102753.67,102994.17,375.02021
1747476000000,102896.59,103045.56,102822.64,102873.74,457.50752
1747472400000,103426.06,103549.92,102808.6,102896.59,1202.56724
1747468800000,103451.13,103568.58,103120.0,103426.06,685.20657
1747465200000,103487.96,103640.14,103435.08,103451.14,344.02794
1747461600000,103342.79,103500.0,103285.71,103487.95,413.82507
1747458000000,103658.05,103709.86,103328.12,103342.79,224.58608
1747454400000,103508.48,103666.67,103476.19,103658.05,336.48814
1747450800000,103286.01,103600.0,103173.85,103508.48,563.37816
1747447200000,102829.58,103357.6,102747.44,103286.01,650.39481
1747443600000,103360.0,103360.01,102612.5,102829.57,901.79419
1747440000000,103463.9,103539.69,103100.0,103360.01,743.27212
1747436400000,103521.96,103690.18,103420.92,103463.9,196.22444
1747432800000,103612.01,103613.02,103397.5,103521.96,344.55949
1747429200000,103692.48,103791.94,103500.0,103612.0,249.10753
1747425600000,104032.6,104032.6,103526.47,103692.48,285.67975
1747422000000,103691.54,104047.62,103587.0,104032.6,273.94744
1747418400000,103867.96,104094.9,103690.26,103691.55,420.24502
1747414800000,104145.48,104396.28,103780.0,103867.96,430.37817
1747411200000,104183.32,104550.33,103837.82,104145.49,1228.2701
1747407600000,103578.71,104286.0,103578.71,104183.33,1195.9957
1747404000000,104007.99,104007.99,103343.07,103578.7,943.56617
1747400400000,103506.07,104099.88,103440.0,104007.98,976.52654
1747396800000,103651.72,103768.51,103484.75,103506.07,387.69144
1747393200000,103796.92,103900.0,103552.0,103651.71,523.12827
1747389600000,103793.65,103886.01,103635.18,103796.91,509.73742
1747386000000,103388.6,103820.0,103388.6,103793.65,824.12938
1747382400000,103710.17,103760.0,103100.49,103388.6,1261.58345
1747378800000,103987.87,104190.48,103694.18,103710.17,719.7843
1747375200000,103898.52,104100.0,103860.32,103987.87,741.97708
1747371600000,103919.96,104148.0,103833.64,103898.52,418.83888
1747368000000,104023.49,104184.72,103816.6,103919.95,458.36015
1747364400000,104199.8,104328.32,103988.18,104023.49,543.50598
1747360800000,104047.6,104466.01,103928.8,104199.8,1102.45583
1747357200000,103764.82,104108.9,103467.91,104047.61,842.64231
1747353600000,103763.71,104033.9,103655.16,103764.81,805.5454
1747350000000,103492.06,103893.73,103230.76,103763.71,690.0392
1747346400000,103288.75,103980.84,103254.25,103492.06,660.25544
1747342800000,103443.51,103443.51,102708.46,103288.75,463.839
1747339200000,103157.26,103491.43,102884.6,103443.51,666.51008
1747335600000,102697.31,103228.06,102552.35,103157.26,909.12835
1747332000000,103968.24,104012.49,102641.54,102697.31,1125.34279
1747328400000,103846.28,104192.7,103650.79,103968.24,1311.32988
1747324800000,103251.36,103847.13,103026.33,103846.27,1096.42524
1747321200000,101987.64,103291.99,101931.86,103251.35,1083.57557
1747317600000,102133.49,102398.31,101383.07,101987.65,1209.87624
1747314000000,102560.01,102787.82,101569.84,102133.49,1037.21134
1747310400000,102371.62,102838.82,102271.58,102560.0,981.88637
1747306800000,101804.75,102441.0,101790.2,102371.61,662.74555
1747303200000,101823.4,101930.58,101600.0,101804.74,494.18425
1747299600000,102274.65,102274.66,101500.0,101823.39,860.32483
1747296000000,101779.99,102327.0,101758.97,102274.65,594.85241
1747292400000,102247.41,102440.0,101724.17,101779.99,768.32213
1747288800000,102375.31,102686.1,102140.0,102247.4,714.15222
1747285200000,102891.76,102922.17,102336.7,102375.31,519.41864
1747281600000,102753.62,102962.38,102711.0,102891.76,351.7693
1747278000000,103047.62,103142.86,102720.0,102753.63,466.40868
1747274400000,103033.51,103206.35,102916.05,103047.62,446.23075
1747270800000,103801.85,103801.86,102968.16,103033.52,568.67212
1747267200000,103507.83,103866.51,103492.06,103801.85,316.48566
1747263600000,103511.46,103608.73,103357.77,103507.82,224.39068
1747260000000,103647.39,103658.3,103430.63,103511.46,139.37207
1747256400000,103555.52,103667.52,103434.55,103647.39,186.25436
1747252800000,103321.73,103658.35,103304.66,103555.51,195.13432
1747249200000,103523.8,103720.44,103243.0,103321.72,392.19365
1747245600000,103246.78,103523.81,103029.45,103523.81,393.98215
1747242000000,103363.66,103428.58,102602.05,103246.79,595.35133
1747238400000,103514.24,103614.61,103173.55,103363.65,475.44971
1747234800000,103265.47,103555.56,102833.55,103514.24,856.1516
1747231200000,103970.87,103971.88,102902.0,103265.46,1950.09622
1747227600000,103999.99,104356.95,103492.06,103970.87,1907.26615
1747224000000,103944.93,104208.77,103907.45,103999.99,488.53049
1747220400000,103708.5,104145.0,103708.5,103944.93,583.04021
1747216800000,103485.73,103929.32,103460.72,103708.49,704.389
1747213200000,103200.0,103496.05,102875.22,103485.73,1191.70027
1747209600000,103716.55,103888.0,103187.0,103200.0,1056.63353
1747206000000,103757.5,103800.0,103381.02,103716.55,786.22564
1747202400000,103896.7,103952.39,103662.82,103757.5,381.32265
1747198800000,103743.02,103971.0,103687.13,103896.71,506.88636
1747195200000,103587.44,103842.98,103471.36,103743.02,427.81934
1747191600000,103713.27,103777.78,103453.26,103587.44,415.74688
1747188000000,103734.81,103786.21,103496.82,103713.27,481.61389
1747184400000,103920.77,104082.71,103700.0,103734.82,1074.76281
1747180800000,104103.72,104115.86,103763.85,103920.76,1038.59479
1747177200000,104128.5,104285.66,103869.01,104103.72,555.94433
1747173600000,104342.7,104432.03,104100.0,104128.5,502.72511
1747170000000,104562.4,104613.32,104179.0,104342.71,391.26707
1747166400000,104792.21,104928.0,104400.0,104562.39,601.95317
1747162800000,104354.19,104976.25,104158.73,104792.22,2351.90796
1747159200000,104268.17,104428.58,104081.85,104354.19,667.51343
1747155600000,103725.85,104310.0,103712.5,104268.17,737.88609
1747152000000,103682.54,104394.61,103532.18,103725.85,1296.14451
1747148400000,103191.64,103873.02,103132.15,103682.55,845.30074
1747144800000,103715.87,103746.04,102811.32,103191.65,1336.03577
1747141200000,103682.52,103932.2,103394.93,103715.87,858.34947
1747137600000,103729.2,103966.0,103338.23,103682.52,1411.6968
1747134000000,103557.72,103822.03,103453.99,103729.2,415.61196
1747130400000,103457.02,103612.37,103273.84,103557.72,809.33372
1747126800000,102722.0,103511.2,102722.0,103457.03,997.62125
1747123200000,102665.5,102958.81,102540.18,102722.0,574.89898
1747119600000,102552.01,102943.28,102552.0,102665.5,548.56772
1747116000000,102477.16,102688.77,102333.33,102552.0,865.09002
1747112400000,102745.72,102745.72,102264.34,102477.15,1000.99313
1747108800000,101719.4,102767.24,101610.56,102745.71,1132.24142
1747105200000,102067.98,102166.99,101429.7,101719.4,962.27648
1747101600000,102400.48,102701.82,101696.84,102067.99,924.66581
1747098000000,102260.0,102714.29,102072.0,102400.48,716.11702
1747094400000,102791.32,102791.32,102165.39,102260.01,749.28213
1747090800000,102856.59,103127.92,102791.31,102791.32,421.84832
1747087200000,102509.36,102941.06,102352.9,102856.38,449.28013
1747083600000,102678.52,102743.43,102352.86,102510.1,479.23848
1747080000000,101859.99,102881.39,101770.2,102678.51,787.00596
1747076400000,101630.59,102122.02,101459.7,101860.0,1290.66176
1747072800000,102556.2,102660.54,100718.37,101630.59,3108.20166
1747069200000,102856.07,103088.88,102529.52,102556.19,669.75274
1747065600000,102527.27,103075.09,102421.83,102856.06,986.02627
1747062000000,102799.99,103206.35,102388.0,102527.26,1810.41867
1747058400000,104320.0,104400.0,102544.25,102799.99,3039.45535
1747054800000,103881.14,104629.96,103675.57,104319.99,1481.23564
1747051200000,103762.89,104145.41,103729.04,103881.15,1551.13482
1747047600000,104527.62,104628.0,103625.0,103762.9,1351.4493
1747044000000,104459.33,104539.69,104150.0,104527.62,881.93559
1747040400000,104614.05,104682.68,104375.0,104459.34,890.19411
1747036800000,104467.99,104736.45,104077.7,104614.04,1072.02345
1747033200000,104384.81,105819.45,104152.84,104467.99,5543.61229
1747029600000,103939.99,104411.58,103800.0,104384.8,502.82838
1747026000000,104072.7,104072.71,103750.0,103940.0,459.15467
1747022400000,104100.13,104164.77,103816.47,104072.7,450.99148
1747018800000,103885.73,104100.13,103702.15,104100.13,574.91027
1747015200000,103984.14,104204.08,103710.66,103885.72,712.35791
1747011600000,104587.31,105086.42,103764.5,103984.14,1894.48964
1747008000000,104118.0,104635.48,104074.15,104587.31,864.57103
1747004400000,103793.67,104142.86,103761.9,104118.0,536.54239
1747000800000,104349.01,104578.62,103569.77,103793.67,740.71696
1746997200000,104269.85,104388.0,103952.38,104349.0,324.08378
1746993600000,104420.0,104442.78,104162.78,104269.85,292.09692
1746990000000,104528.19,104650.8,104354.67,104420.0,417.96581
1746986400000,104036.7,104832.82,103857.14,104528.19,748.08883
1746982800000,103984.12,104148.93,103793.65,104036.7,446.02668
1746979200000,104150.0,104176.0,103750.0,103984.13,700.09107
1746975600000,104160.0,104682.54,103911.61,104150.0,977.30807
1746972000000,103959.99,104290.97,103775.91,104160.0,1491.16287
1746968400000,104601.89,104666.67,103934.18,103959.99,1100.33042
1746964800000,104652.01,104888.0,104525.23,104601.9,931.71158
1746961200000,104644.0,104777.0,104351.27,104652.01,611.74101
1746957600000,104347.93,104668.36,104193.66,104644.0,670.87671
1746954000000,103825.39,104469.23,103820.0,104347.94,616.46184
1746950400000,103385.46,104028.0,103380.95,103825.39,573.5755
1746946800000,103864.52,103882.26,103345.06,103385.47,1099.08865
1746943200000,103840.0,103988.39,103616.9,103864.52,918.02801
1746939600000,104153.71,104201.61,103801.0,103840.0,415.52186
1746936000000,104007.03,104400.0,103997.44,104153.72,520.1322
1746932400000,103781.06,104195.12,103653.6,104007.03,593.25276
1746928800000,104135.32,104280.13,103466.05,103781.06,1092.03667
1746925200000,104428.58,104536.76,103866.88,104135.32,717.9167
1746921600000,104809.53,104972.0,103926.47,104428.58,1452.36468
1746918000000,103597.53,104984.57,103571.42,104809.53,2918.9173
1746914400000,103756.72,103831.15,103544.02,103597.89,429.82122
1746910800000,103193.43,103800.0,103166.0,103756.71,364.19148
1746907200000,103191.35,103317.47,103068.87,103193.43,210.01357
1746903600000,103252.88,103305.57,103085.52,103191.35,320.50313
1746900000000,103176.88,103317.47,103005.33,103252.88,560.27315
1746896400000,103435.22,103619.68,103161.85,103176.88,861.02001
1746892800000,103138.76,103500.0,103127.69,103435.22,588.61658
1746889200000,103520.41,103529.89,103100.0,103138.77,533.62781
1746885600000,103628.87,103666.67,103421.49,103520.41,363.48091
1746882000000,103695.97,103800.0,103539.68,103628.86,384.73592
1746878400000,103434.94,103825.4,103421.5,103695.98,651.69947
1746874800000,103593.15,103654.31,103383.99,103434.94,851.17394
1746871200000,103761.91,103888.88,103593.15,103593.15,629.38967
1746867600000,103634.93,103911.78,103366.0,103761.91,548.24108
1746864000000,103759.71,104079.37,103463.52,103634.92,847.46151
1746860400000,103930.72,104100.0,103632.66,103759.71,815.86898
1746856800000,103361.0,103947.36,103355.35,103930.71,966.16865
1746853200000,103152.48,103361.0,103088.99,103361.0,399.13796
1746849600000,103226.25,103226.25,103034.5,103152.48,291.54929
1746846000000,103147.95,103233.48,102972.17,103226.24,393.14728
1746842400000,102987.5,103265.82,102956.96,103147.96,367.36386
1746838800000,102865.7,103119.99,102865.7,102987.5,421.77204
1746835200000,102971.99,103100.0,102818.76,102865.7,606.6113
1746831600000,102784.65,102980.0,102736.59,102971.99,249.70113
1746828000000,102985.0,103070.41,102727.25,102784.66,340.91245
1746824400000,103183.93,103215.46,102769.92,102984.99,376.59229
1746820800000,103189.17,103408.0,103143.12,103183.94,350.62996
1746817200000,103176.46,103285.68,102894.0,103189.17,378.87644
1746813600000,103199.99,103370.54,102932.69,103176.46,399.38495
1746810000000,102480.83,103227.82,102343.6,103199.99,678.08573
1746806400000,102895.99,102929.51,102315.14,102480.83,893.55174
1746802800000,103156.0,103313.0,102688.26,102895.99,749.38574
1746799200000,103633.5,103761.91,102411.99,103155.99,2039.94742
1746795600000,102899.99,103793.66,102826.63,103633.5,1946.92446
1746792000000,102958.31,103165.92,102808.02,102899.99,1104.96452
1746788400000,103371.62,103500.0,102685.3,102958.31,1703.98287
1746784800000,102915.58,103476.19,102797.69,103371.63,1629.84795
1746781200000,102968.25,103285.72,102421.0,102915.58,1946.17375
1746777600000,103628.76,103930.0,102652.33,102968.25,3123.0848
1746774000000,103230.11,104361.3,103127.76,103628.77,3530.71192
1746770400000,102979.35,103261.71,102928.77,103230.11,1025.81799
1746766800000,102828.01,102979.36,102585.74,102979.35,712.49562
1746763200000,102451.04,102852.0,102374.03,102828.0,702.47394
1746759600000,102595.5,102800.69,102364.0,102451.04,887.20651
1746756000000,103098.34,103098.34,102500.48,102595.5,1049.12723
1746752400000,102820.01,103128.0,102551.74,103098.34,829.79334
1746748800000,103261.61,103268.44,102540.13,102820.0,967.72632
1746745200000,103017.95,103301.6,102786.76,103261.6,920.95175
1746741600000,102828.04,103230.66,102396.86,103017.95,1028.42527
1746738000000,102607.79,104145.76,102114.66,102828.03,3388.69792
1746734400000,101300.0,102851.0,101285.71,102607.8,2318.75045
1746730800000,101365.39,101365.39,100972.0,101299.99,1084.70087
1746727200000,101027.14,101485.2,100970.0,101365.38,668.29815
1746723600000,101276.49,101707.02,100779.26,101027.13,1661.60189
1746720000000,100758.08,101355.31,100596.0,101276.49,1685.15995
1746716400000,99371.95,101525.03,99316.0,100758.08,5194.54792
1746712800000,99290.04,99822.6,99153.73,99371.95,1220.52424
1746709200000,99287.97,99633.86,99090.66,99290.03,803.7858
1746705600000,99409.15,99544.98,99250.37,99287.97,744.57375
1746702000000,99780.66,99780.66,99406.54,99409.14,792.18929
1746698400000,99790.97,99888.0,99682.97,99780.67,701.13127
1746694800000,99666.67,99800.01,99538.36,99790.97,679.55205
1746691200000,99252.34,99800.0,99209.04,99666.66,1529.80222
1746687600000,99040.0,99372.96,99036.59,99252.34,733.68958
1746684000000,98740.6,99040.0,98723.25,99039.99,471.2223
1746680400000,98954.32,99120.0,98738.09,98740.61,1207.65821
1746676800000,99152.79,99419.0,98888.0,98954.32,1716.7366
1746673200000,98681.99,99222.22,98532.02,99152.79,1465.38383
1746669600000,97816.22,98847.0,97816.21,98681.99,1852.79702
1746666000000,97770.0,98366.0,97600.0,97816.21,2174.72361
1746662400000,97030.5,97782.0,96876.29,97770.01,917.12453
1746658800000,97262.89,97390.0,96978.04,97030.5,354.25475
1746655200000,97120.63,97305.21,97020.54,97262.88,392.38837
1746651600000,96766.8,97322.0,96651.96,97120.63,495.1239
1746648000000,96180.0,96766.8,96076.92,96766.8,355.48999
1746644400000,96593.58,96625.0,95784.61,96180.01,979.2255
1746640800000,96307.54,96880.43,95893.14,96593.59,1492.53634
1746637200000,96857.15,96887.48,96190.47,96307.54,513.55369
1746633600000,96923.91,96961.04,96510.0,96857.15,620.55485
1746630000000,96937.99,97152.18,96764.14,96923.91,576.23163
1746626400000,97022.02,97478.27,96806.0,96938.0,854.22653
1746622800000,96966.07,97316.03,96713.14,97022.01,829.46434
1746619200000,97047.43,97200.0,96870.35,96966.08,531.66176
1746615600000,97030.01,97070.06,96929.17,97047.43,256.14738
1746612000000,96978.4,97111.0,96833.33,97030.01,296.1224
1746608400000,97024.46,97059.7,96876.0,96978.4,341.26007
1746604800000,96994.82,97083.47,96861.57,97024.45,405.22829
1746601200000,96557.31,97013.53,96557.3,96994.82,481.05145
1746597600000,96380.96,96667.55,96361.75,96557.31,753.61062
1746594000000,96575.99,96576.0,96310.89,96380.96,489.09676
1746590400000,96506.9,96714.28,96420.64,96576.0,447.19739
1746586800000,96619.04,96663.51,96208.1,96506.9,1034.18372
1746583200000,97242.86,97276.0,96464.0,96619.05,1178.21775
1746579600000,97415.65,97732.0,97192.93,97242.85,1127.65564
1746576000000,96834.02,97499.02,96729.67,97415.65,1840.35542
1753772400000,118764.86,119273.36,118750.87,118882.37,998.59676
1753768800000,118799.99,119061.68,118731.74,118764.85,664.6105
1753765200000,118533.93,118852.0,118527.77,118800.0,475.07739
1753761600000,118764.85,118799.99,118416.66,118533.93,441.70806
1753758000000,118095.59,118800.0,118095.59,118764.85,879.02363
1753754400000,117774.15,118102.79,117450.0,118095.6,550.84159
1753750800000,117979.8,118247.62,117774.15,117774.16,264.65387
1753747200000,118062.32,118450.0,117539.68,117979.8,548.35859
1753743600000,117854.34,118172.37,117814.64,118062.32,244.27974
1753740000000,118106.89,118266.06,117762.51,117854.35,370.20373
1753736400000,118044.93,118350.01,117951.12,118106.9,334.38901
1753732800000,118068.73,118162.17,117500.09,118044.93,399.93343
1753729200000,117776.56,118244.46,117542.45,118068.73,642.91309
1753725600000,117667.86,117856.37,117427.5,117776.56,670.47028
1753722000000,118028.89,118112.24,117653.39,117667.86,789.85169
1753718400000,118174.89,118376.61,118003.55,118028.88,472.32021
1753714800000,117985.94,118500.0,117907.0,118174.9,613.6795
1753711200000,118434.77,118685.02,117895.73,117985.93,1300.98009
1753707600000,118845.23,119085.79,118234.28,118434.78,1098.91827
1753704000000,118827.49,119093.68,118783.85,118845.24,779.03242
1753700400000,118764.54,118873.78,118475.47,118827.49,773.30378
1753696800000,118930.88,118953.52,118620.22,118764.53,360.71138
1753693200000,119072.45,119072.45,118704.01,118930.87,367.39295
1753689600000,118900.01,119102.69,118777.98,119072.45,558.77409
1753686000000,119448.03,119448.03,118774.31,118900.0,881.81401
1753682400000,119526.13,119600.0,119440.0,119448.02,349.57844
1753678800000,119218.06,119701.07,119138.24,119526.13,787.5627
1753675200000,119287.99,119423.58,119128.46,119218.05,341.10705
1753671600000,119434.14,119521.03,119234.37,119287.99,304.59253
1753668000000,119037.77,119800.0,119021.11,119434.14,578.13763
1753664400000,119236.72,119480.0,118960.5,119037.77,475.77219
1753660800000,119415.56,119690.32,119126.09,119236.72,466.02933
1753657200000,119495.16,119528.47,119119.53,119415.55,375.89279
1753653600000,119265.75,119766.65,119228.56,119495.17,773.18425
1753650000000,118754.13,119270.15,118724.0,119265.76,238.52881
1753646400000,118960.01,119169.97,118713.74,118754.13,284.59066
1753642800000,119021.33,119073.91,118895.09,118960.0,156.14032
1753639200000,119196.68,119372.87,118942.9,119021.33,339.99317
1753635600000,119090.46,119334.88,118855.58,119196.69,652.20986
1753632000000,118585.75,119540.01,118585.75,119090.45,2270.02899
1753628400000,118422.16,118588.0,118236.84,118585.74,601.55506
1753624800000,118201.99,118499.0,118149.96,118422.16,467.70923
1753621200000,118097.39,118217.6,118085.87,118201.99,217.84311
1753617600000,118072.71,118111.34,117890.0,118097.39,298.94425
1753614000000,118184.92,118255.32,118050.0,118072.71,181.16448
1753610400000,117943.92,118292.86,117943.92,118184.92,257.644
1753606800000,117950.47,117999.91,117859.98,117943.92,195.86439
1753603200000,118095.95,118129.75,117950.47,117950.47,201.29673
1753599600000,118263.4,118263.4,118066.74,118095.95,147.6577
1753596000000,118274.73,118438.83,118197.71,118263.4,218.37982
1753592400000,118215.09,118300.0,118160.84,118274.73,261.59962
1753588800000,118182.83,118272.43,118149.19,118215.1,180.57499
1753585200000,118309.99,118309.99,118080.92,118182.83,185.67692
1753581600000,118102.0,118358.18,118021.85,118309.99,398.69577
1753578000000,117951.99,118190.0,117920.0,118102.0,291.9617
1753574400000,117919.99,117961.89,117825.5,117952.0,131.17257
1753570800000,118007.03,118048.19,117890.0,117919.99,170.31788
1753567200000,118028.56,118276.66,117978.0,118007.02,289.29406
1753563600000,117956.32,118068.0,117888.2,118028.56,149.87446
1753560000000,118232.11,118232.12,117883.86,117956.32,249.16255
1753556400000,118095.16,118297.35,118040.0,118232.11,364.90102
1753552800000,118039.99,118099.99,117941.96,118095.15,195.55155
1753549200000,118081.19,118090.0,117990.0,118039.98,139.66952
1753545600000,118130.1,118188.97,118011.0,118081.18,351.27128
1753542000000,118064.99,118142.87,117818.2,118130.1,434.76718
1753538400000,118125.24,118210.85,117956.0,118064.99,355.21897
1753534800000,117914.16,118220.0,117855.15,118125.24,341.83674
1753531200000,117776.1,117990.0,117772.13,117914.17,171.77445
1753527600000,117971.94,118072.41,117776.1,117776.11,349.789
1753524000000,117570.6,118217.45,117545.1,117971.93,749.16688
1753520400000,117557.14,117617.65,117458.0,117570.6,190.39173
1753516800000,117304.47,117615.12,117304.46,117557.14,259.96197
1753513200000,117350.71,117382.76,117304.46,117304.47,454.07762
1753509600000,117444.99,117458.0,117320.0,117350.71,213.86521
1753506000000,117496.8,117541.19,117419.83,117444.99,155.81148
1753502400000,117489.61,117547.92,117396.95,117496.81,182.72574
1753498800000,117469.01,117603.0,117462.64,117489.62,175.33791
1753495200000,117153.74,117750.0,117153.73,117469.0,391.82574
1753491600000,117496.0,117550.9,117138.38,117153.73,266.66811
1753488000000,117614.31,117614.32,117330.24,117496.0,388.41101
1753484400000,117279.97,117630.0,117186.83,117614.31,371.50937
1753480800000,117214.23,117343.89,117102.3,117279.97,248.88589
1753477200000,117040.01,117377.59,116956.0,117214.23,418.42958
1753473600000,116688.6,117306.0,116578.02,117040.01,737.6538
1753470000000,116491.53,116997.21,116405.7,116688.6,839.57954
1753466400000,116042.51,116568.73,116042.5,116491.53,629.2576
1753462800000,116185.31,116345.74,115871.8,116042.5,679.50606
1753459200000,115727.07,116214.88,115455.46,116185.32,941.06562
1753455600000,114960.01,115846.39,114916.48,115727.08,1246.60929
1753452000000,116216.27,116286.87,114908.0,114960.01,2025.1148
1753448400000,116105.96,116600.0,115564.75,116216.27,1802.0313
1753444800000,116543.59,116656.99,115963.97,116105.96,1288.03796
1753441200000,116308.48,116782.13,116308.48,116543.58,1141.32627
1753437600000,116033.44,116487.5,115990.09,116308.48,927.16868
1753434000000,115202.55,116033.46,115020.59,116033.44,1501.26322
1753430400000,115320.01,115980.82,115008.85,115202.55,3646.45319
1753426800000,115284.25,115946.26,114723.16,115320.01,2785.7139
1753423200000,115500.0,115511.54,115200.0,115284.25,2030.76329
1753419600000,116102.71,116102.71,115263.54,115500.0,1990.02649
1753416000000,115419.65,116144.63,115115.0,116102.7,2028.74795
1753412400000,116353.67,116428.55,115330.86,115419.66,4481.42935
1753408800000,117359.27,117396.96,116353.66,116353.67,3274.41246
1753405200000,117664.55,117802.04,117231.0,117359.26,2379.32463
1753401600000,118340.98,118451.57,117652.85,117664.56,992.03849
1753398000000,118280.0,118450.24,118166.94,118340.99,560.27853
1753394400000,118527.51,118626.09,118186.57,118280.01,387.73703
1753390800000,118722.03,118790.44,118487.2,118527.52,211.57104
1753387200000,118943.42,119010.64,118722.02,118722.02,271.81117
1753383600000,119044.29,119343.97,118900.02,118943.42,467.4377
1753380000000,119122.95,119395.81,118960.27,119044.29,426.58619
1753376400000,118529.97,119307.43,118481.7,119122.94,402.20867
1753372800000,119092.65,119190.41,118350.0,118529.97,870.59406
1753369200000,119057.12,119450.0,118614.84,119092.65,1446.86371
1753365600000,118227.48,119109.74,117832.32,119057.11,1286.22387
1753362000000,118531.43,118727.53,118220.0,118227.48,630.03049
1753358400000,118600.0,118728.33,118281.12,118531.42,776.17409
1753354800000,118374.0,118739.13,118297.56,118600.0,569.02762
1753351200000,118507.07,118648.53,117955.59,118373.99,531.255
1753347600000,118775.29,118814.47,118300.53,118507.08,476.62912
1753344000000,118416.21,118811.09,118224.76,118775.28,827.24635
1753340400000,117466.81,118473.62,117103.1,118416.21,1190.19498
1753336800000,117604.54,117855.0,117380.03,117466.81,933.69554
1753333200000,117941.86,117953.72,117500.0,117604.55,902.71116
1753329600000,118488.92,118610.25,117830.0,117941.86,760.33077
1753326000000,118960.6,119273.36,118466.71,118488.92,640.95973
1753322400000,119094.4,119094.4,118808.44,118960.6,290.68089
1753318800000,119060.01,119100.0,118787.32,119094.4,299.18389
1753315200000,118756.0,119138.57,118571.17,119060.0,647.45883
1753311600000,118568.99,118756.0,118421.86,118755.99,613.27129
1753308000000,118181.75,118630.39,117937.47,118568.99,553.07391
1753304400000,117900.0,118181.36,117381.8,118181.36,644.9173
1753300800000,118393.64,118498.76,117559.91,117900.0,625.02001
1753297200000,118379.44,118466.69,118218.12,118393.64,476.80341
1753293600000,118131.99,118387.85,117998.9,118379.45,514.88794
1753290000000,117712.53,118136.46,117331.63,118131.99,856.62881
1753286400000,118567.39,118567.39,117561.23,117712.53,803.50351
1753282800000,118204.99,118708.24,117823.21,118567.39,741.63721
1753279200000,117381.44,118205.0,117301.0,118204.99,952.15862
1753275600000,117980.69,118199.89,117330.0,117381.44,1612.8477
1753272000000,118538.46,118655.0,117799.87,117980.7,730.54489
1753268400000,118372.13,118619.79,118160.0,118538.46,373.31825
1753264800000,118040.01,118379.74,117844.24,118372.12,510.46248
1753261200000,118423.21,118457.86,117910.66,118040.0,501.38076
1753257600000,118350.35,118552.0,118222.71,118423.21,415.94192
1753254000000,118417.99,118592.39,118288.2,118350.35,392.52237
1753250400000,118645.04,118717.12,118329.04,118417.99,401.51312
1753246800000,118996.01,119006.05,118615.97,118645.04,468.54694
1753243200000,118614.16,118996.01,118576.38,118996.0,301.65112
1753239600000,119090.73,119116.68,118532.96,118614.17,554.08458
1753236000000,119488.21,119531.29,118983.34,119090.73,754.14191
1753232400000,119546.56,119666.04,119379.63,119488.22,386.63831
1753228800000,119954.43,120090.0,119500.29,119546.56,373.25447
1753225200000,119844.23,120247.8,119835.56,119954.42,542.2831
1753221600000,119400.0,120035.29,119385.21,119844.23,608.63065
1753218000000,119703.29,119770.84,119400.0,119400.0,239.71174
1753214400000,119282.11,119901.88,119203.2,119703.28,539.53916
1753210800000,119733.7,119914.97,119097.6,119282.1,704.31973
1753207200000,119199.39,120183.96,119044.06,119733.69,1310.2716
1753203600000,118681.25,119213.0,118368.19,119199.39,444.47061
1753200000000,118912.04,119350.01,118626.35,118681.26,608.5666
1753196400000,119060.01,119177.53,118690.38,118912.04,765.65863
1753192800000,118147.83,119140.14,117550.0,119060.0,1271.80822
1753189200000,119293.7,119573.53,118034.63,118147.82,1663.45612
1753185600000,119154.99,119419.74,119037.02,119293.7,896.31634
1753182000000,118955.99,119188.3,118784.0,119154.99,969.19626
1753178400000,118399.09,118956.0,118302.01,118955.99,608.10463
1753174800000,118290.0,118656.0,117873.42,118399.09,867.84135
1753171200000,117983.69,118345.0,117488.19,118289.99,931.64911
1753167600000,117847.26,118594.55,117780.0,117983.68,1682.91379
1753164000000,117329.28,117847.77,117275.47,117847.26,782.21261
1753160400000,116555.01,117346.17,116552.18,117329.27,706.3125
1753156800000,117210.0,117357.21,116555.0,116555.01,1108.40285
1753153200000,117027.81,117271.32,116683.93,117210.0,805.64841
1753149600000,117750.01,117800.0,116969.67,117027.81,641.70987
1753146000000,117123.68,117950.0,116128.0,117750.01,1747.33705
1753142400000,117380.36,117524.07,117012.29,117123.69,512.7688
1753138800000,117348.97,117508.25,117107.03,117380.36,285.30321
1753135200000,117215.25,117633.66,117117.85,117348.96,307.79739
1753131600000,116939.4,117371.99,116879.1,117215.25,403.94845
1753128000000,116767.67,117252.0,116656.88,116939.4,697.73214
1753124400000,117162.28,117521.01,116666.0,116767.67,1149.65254
1753120800000,117847.83,118213.24,117100.0,117162.28,666.85458
1753117200000,117738.44,118093.13,117321.84,117847.82,692.69059
1753113600000,118313.16,118399.1,117500.0,117738.44,1307.79158
1753110000000,118828.99,119119.59,118270.0,118313.16,669.70168
1753106400000,118834.0,119233.71,118432.0,118828.99,1012.98942
1753102800000,118172.82,119100.0,117888.25,118834.0,1080.14384
1753099200000,118070.17,118590.0,117778.7,118172.82,742.548
1753095600000,118578.14,118798.2,118070.16,118070.17,760.53044
1753092000000,118690.05,118820.0,118344.0,118578.14,677.30519
1753088400000,119016.84,119086.05,118527.12,118690.05,373.46118
1753084800000,119364.18,119500.0,118854.9,119016.83,700.59303
1753081200000,119169.26,119676.73,119162.62,119362.67,807.18244
1753077600000,118430.22,119241.57,118290.24,119169.25,1099.23474
1753074000000,118331.62,118430.24,118188.95,118430.22,471.56768
1753070400000,118404.01,118634.57,118282.25,118331.61,405.68153
1753066800000,118183.92,118614.7,118131.75,118404.0,753.42903
1753063200000,117305.86,118183.93,117305.86,118183.92,687.53225
1753059600000,117352.05,117441.62,116775.95,117305.86,496.20828
1753056000000,117265.11,117352.06,116515.0,117352.06,857.45207
1753052400000,117479.92,117556.93,116955.94,117265.12,609.48131
1753048800000,117997.87,118040.0,116467.02,117479.93,2198.48268
1753045200000,118087.67,118153.88,117830.2,117997.88,339.24007
1753041600000,118155.0,118263.0,117852.72,118087.67,459.44638
1753038000000,118361.8,118563.93,118155.0,118155.01,269.24086
1753034400000,118018.7,118448.2,118018.7,118361.79,651.93273
1753030800000,118557.77,118557.78,117960.0,118018.69,611.1576
1753027200000,118671.12,118856.8,118465.0,118557.78,586.79687
1753023600000,118468.41,118775.85,118347.38,118671.11,421.29202
1753020000000,118417.35,118799.8,118277.77,118468.41,858.70947
1753016400000,118085.43,118422.57,118085.42,118417.35,635.77922
1753012800000,117878.46,118169.36,117723.23,118085.43,1364.32398
1753009200000,117888.21,118081.66,117819.88,117878.46,371.30411
1753005600000,117913.12,117993.86,117876.42,117888.21,342.66508
1753002000000,118151.15,118277.17,117886.51,117913.11,427.04081
1752998400000,118029.49,118255.14,118000.0,118151.14,659.2723
1752994800000,117824.49,118218.0,117824.48,118029.49,339.64911
1752991200000,117846.92,117884.29,117760.67,117824.48,128.67886
1752987600000,117949.99,117976.36,117800.0,117846.91,262.71011
1752984000000,117958.0,118127.39,117900.0,117949.98,209.68915
1752980400000,117970.5,118165.38,117706.9,117958.01,514.71198
1752976800000,117941.25,118006.37,117766.42,117970.49,319.10411
1752973200000,117942.31,118131.2,117900.72,117941.25,244.5789
1752969600000,117840.01,117996.49,117650.0,117942.31,137.64118
1752966000000,117792.98,117935.76,117738.63,117840.0,123.61479
1752962400000,117705.81,117850.14,117529.44,117792.98,169.57842
1752958800000,117720.0,117836.56,117277.34,117705.82,417.75569
1752955200000,118007.88,118141.0,117708.55,117720.01,212.75326
1752951600000,117859.1,118141.0,117605.26,118007.88,258.76097
1752948000000,117808.17,118028.0,117761.58,117859.1,127.41782
1752944400000,117974.0,117984.68,117741.93,117808.17,192.03328
1752940800000,118058.1,118161.51,117850.0,117973.99,202.06426
1752937200000,117668.14,118240.01,117661.04,118058.11,344.11867
1752933600000,118188.15,118229.8,117627.71,117668.14,707.8297
1752930000000,118242.04,118317.42,118086.0,118188.14,280.81512
1752926400000,118327.05,118327.06,118099.46,118242.04,323.90381
1752922800000,118440.39,118499.9,118166.39,118327.06,269.17371
1752919200000,118244.3,118479.34,118180.36,118440.38,392.75678
1752915600000,118101.83,118328.0,118069.22,118244.3,201.68294
1752912000000,118163.07,118265.95,117943.25,118101.82,259.81389
1752908400000,118164.42,118326.8,118156.32,118163.06,162.42311
1752904800000,118205.98,118261.7,118065.8,118164.42,162.98805
1752901200000,118134.83,118289.43,118044.19,118205.98,257.94833
1752897600000,118322.53,118364.0,118096.89,118134.83,245.36594
1752894000000,118201.04,118371.42,118123.6,118322.54,382.53888
1752890400000,118036.74,118297.72,117935.0,118201.03,339.10664
1752886800000,117739.7,118109.95,117613.35,118036.73,286.4576
1752883200000,117924.84,118028.86,117714.85,117739.7,314.9014
1752879600000,117683.71,118021.62,117455.94,117924.84,435.71334
1752876000000,117676.81,117962.09,117402.25,117683.71,397.4577
1752872400000,117404.99,117879.9,117368.01,117676.82,398.26546
1752868800000,117374.75,117539.51,116812.76,117405.0,971.31857
1752865200000,117310.72,117874.0,117120.53,117374.76,720.06492
1752861600000,117600.01,117723.11,117235.0,117310.72,633.76775
1752858000000,117553.41,117996.49,117377.0,117600.01,466.84347
1752854400000,117860.24,118054.92,117479.92,117553.42,743.90949
1752850800000,118139.99,118265.96,117480.0,117860.25,1035.97451
1752847200000,118773.38,119242.63,117315.69,118139.99,2133.86458
1752843600000,119442.43,119442.44,118500.0,118773.38,1270.18453
1752840000000,119171.35,119531.48,119145.84,119442.44,580.75482
1752836400000,119250.72,119281.93,118772.4,119171.34,504.29437
1752832800000,118875.01,119259.98,118502.7,119250.72,893.61085
1752829200000,118642.02,118974.99,118442.84,118875.01,960.39557
1752825600000,119339.51,119469.21,118395.0,118642.01,1456.19404
1752822000000,120251.0,120386.27,119287.72,119339.51,1430.3153
1752818400000,120589.94,120820.71,120075.04,120251.0,876.24559
1752814800000,120403.4,120635.97,120210.02,120589.95,806.90934
1752811200000,120223.08,120486.29,119750.0,120403.4,535.70911
1752807600000,120096.42,120478.83,119949.28,120223.09,478.04437
1752804000000,120336.88,120399.04,119869.97,120096.43,585.26308
1752800400000,119739.06,120785.49,119644.21,120336.88,1117.34665
1752796800000,119177.56,119786.52,119020.48,119739.06,492.21525
1752793200000,119766.7,119879.35,119170.52,119177.56,613.37046
1752789600000,120272.19,120693.35,119485.71,119766.71,695.69871
1752786000000,119436.86,120998.71,119431.93,120272.19,1869.7935
1752782400000,118959.66,119436.87,118383.97,119436.86,583.39954
1752778800000,119580.0,119880.13,118821.06,118959.66,638.4785
1752775200000,119261.51,119780.67,119211.94,119580.0,689.15184
1752771600000,118558.61,119328.89,118500.0,119261.5,555.62392
1752768000000,118881.99,118954.66,118333.6,118558.61,550.68619
1752764400000,118770.94,119073.46,118334.34,118881.99,592.49854
1752760800000,118281.99,118834.2,118141.47,118770.94,695.28925
1752757200000,117867.08,118446.19,117520.6,118281.99,846.07215
1752753600000,117995.0,118183.74,117453.57,117867.08,1041.93489
1752750000000,118340.0,118398.82,117974.99,117995.0,488.32774
1752746400000,118769.34,118869.73,118241.24,118340.01,402.69694
1752742800000,118330.93,119192.0,118242.26,118769.34,734.00895
1752739200000,118311.75,118424.28,118082.99,118330.93,416.84953
1752735600000,118452.51,118556.45,117857.03,118311.75,733.57599
1752732000000,118587.03,118772.0,118341.55,118452.51,592.92659
1752728400000,118485.39,118643.59,118225.54,118587.03,364.79579
1752724800000,118128.8,118485.4,117959.33,118485.4,389.33546
1752721200000,118330.58,118356.32,117761.11,118128.8,452.54646
1752717600000,118149.71,118523.25,118017.06,118330.57,607.84399
1752714000000,118894.33,119082.88,117683.53,118149.7,854.33514
1752710400000,118630.44,119158.28,118620.83,118894.33,319.33644
1752706800000,118639.34,118823.5,118420.0,118630.43,343.92435
1752703200000,119297.64,119500.0,118592.22,118639.34,893.9653
1752699600000,119921.97,120063.84,119200.0,119297.64,1094.26323
1752696000000,119230.16,119933.89,118943.91,119921.96,606.44397
1752692400000,119512.2,119668.72,118822.72,119230.16,819.82836
1752688800000,119073.35,119904.13,118880.27,119512.2,731.25594
1752685200000,119291.91,119700.0,118963.96,119073.35,654.94744
1752681600000,119095.76,119338.12,118471.38,119291.91,671.3025
1752678000000,119056.81,119794.8,118328.48,119095.76,2233.63925
1752674400000,118700.02,119260.0,118200.0,119056.8,1139.36599
1752670800000,118613.43,118920.0,118181.14,118700.01,927.75357
1752667200000,118769.06,119082.94,118580.36,118613.43,550.40761
1752663600000,118736.24,118912.36,118650.0,118769.06,419.29991
1752660000000,119193.38,119310.75,118734.53,118736.25,614.40925
1752656400000,118700.0,119200.0,118693.71,119193.37,766.24927
1752652800000,118189.24,118794.64,118113.82,118699.99,858.41533
1752649200000,118276.3,118300.0,118046.19,118189.25,466.50951
1752645600000,117869.82,118285.15,117760.0,118276.3,372.39644
1752642000000,117600.92,118000.0,117600.92,117869.82,479.8066
1752638400000,117482.67,117700.7,117275.63,117600.92,335.01607
1752634800000,117317.27,117519.49,117211.25,117482.67,388.69782
1752631200000,117724.29,117752.87,117017.29,117317.27,578.37446
1752627600000,118112.9,118195.0,117582.12,117724.29,470.76557
1752624000000,117758.08,118178.0,117425.27,118112.89,622.87077
1752620400000,117827.74,117972.86,117500.0,117758.09,394.60478
1752616800000,117553.91,117868.52,117263.66,117827.74,634.19704
1752613200000,116419.01,117600.0,116350.0,117553.92,613.20681
1752609600000,116416.07,116725.02,116192.27,116419.02,604.23115
1752606000000,116719.55,117204.5,116282.38,116416.07,1053.82399
1752602400000,117373.0,117380.0,116019.05,116719.55,1721.15939
1752598800000,117188.0,117538.46,117140.0,117372.99,995.72856
1752595200000,116391.43,117800.6,116362.97,117188.01,1624.68167
1752591600000,116008.2,116750.0,115800.0,116391.43,2299.77308
1752588000000,118088.13,118458.31,115736.92,116008.19,2687.57274
1752584400000,117204.18,118490.71,117157.25,118088.13,2210.06348
1752580800000,117113.98,117466.52,116417.0,117204.18,1464.86775
1752577200000,117016.49,117161.52,116338.3,117113.98,751.22184
1752573600000,116780.0,117198.21,116744.48,117016.48,853.89059
1752570000000,116777.47,117224.08,116711.67,116779.99,920.92254
1752566400000,116779.13,116862.02,116300.0,116777.47,1086.30795
1752562800000,117070.54,117270.86,116400.0,116779.12,1413.2237
1752559200000,117335.12,117335.12,116766.0,117070.54,1050.33694
1752555600000,117480.48,117765.4,116962.97,117335.12,1161.25519
1752552000000,117148.46,117511.33,116250.0,117480.48,1853.98992
1752548400000,118251.04,118251.04,116840.01,117148.47,2365.70802
1752544800000,118431.71,118855.56,117827.46,118251.05,1830.73981
1752541200000,119497.93,119537.22,118352.09,118431.71,1780.21194
1752537600000,119841.17,119940.83,119110.0,119497.92,646.74195
1752534000000,120057.01,120057.01,119766.05,119841.18,274.46733
1752530400000,120034.97,120300.0,119924.0,120057.01,297.55117
1752526800000,120167.06,120244.5,119827.34,120034.98,290.33134
1752523200000,119939.42,120447.0,119522.72,120167.07,552.37318
1752519600000,119644.93,120103.31,119610.92,119939.41,698.45342
1752516000000,119896.42,120192.73,119632.0,119644.94,812.38191
1752512400000,120268.88,120526.03,119769.4,119896.42,1173.36404
1752508800000,119878.22,120299.58,119202.0,120268.87,1443.04559
1752505200000,121158.88,121176.26,119611.7,119878.23,2109.20019
1752501600000,121710.64,121990.42,120600.0,121158.89,1855.94127
1752498000000,121918.01,122120.0,121188.0,121710.64,1151.85025
1752494400000,121467.23,121945.63,121400.01,121918.0,930.72081
1752490800000,121905.48,121905.48,121355.55,121467.24,755.99271
1752487200000,121973.74,122130.65,121628.47,121905.48,742.89705
1752483600000,122578.01,122582.97,121888.44,121973.74,929.42357
1752480000000,122736.04,122769.19,122300.0,122578.0,851.02194
1752476400000,122130.99,123218.0,122100.0,122736.04,1786.579052
1752472800000,122461.99,122465.3,122017.81,122130.99,1146.85917
1752469200000,121400.0,122666.0,121129.0,122461.99,2704.498689
1752465600000,120750.25,121438.27,120557.63,121400.0,1343.86331
1752462000000,119647.88,121492.48,119592.7,120750.24,3219.468856
1752458400000,119100.58,119999.0,118969.56,119647.88,1311.09415
1752454800000,119061.4,119238.1,118905.18,119100.58,349.35207
1752451200000,119086.65,119470.54,118916.17,119061.4,538.61781
1752447600000,118520.01,119198.0,118386.55,119086.64,364.38555
1752444000000,118648.86,118774.64,118243.68,118520.01,584.71541
1752440400000,119083.6,119083.6,118500.01,118648.87,421.07599
1752436800000,118961.09,119367.37,118826.0,119083.6,290.26988
1752433200000,118992.73,119488.0,118897.44,118961.08,601.53222
1752429600000,118699.6,119070.24,118592.01,118992.73,315.39573
1752426000000,118528.0,118844.83,118382.56,118699.6,348.79838
1752422400000,118672.23,118982.89,118520.0,118528.01,483.67524
1752418800000,118766.94,119124.0,118532.84,118672.24,566.53213
1752415200000,118610.0,119376.0,118353.2,118766.94,1897.939057
1752411600000,118432.11,118750.0,118154.81,118610.01,736.92273
1752408000000,118072.01,118636.92,117989.53,118432.11,689.7104
1752404400000,117748.0,118086.66,117747.99,118072.01,269.48693
1752400800000,117739.16,117845.48,117739.16,117747.99,98.78511
1752397200000,117895.78,117901.34,117689.63,117739.16,151.43307
1752393600000,117998.99,118006.96,117756.39,117895.78,165.74382
1752390000000,117888.51,118054.79,117852.0,117999.0,308.18406
1752386400000,117759.99,117978.97,117742.31,117888.51,186.7356
1752382800000,117879.22,117904.75,117700.65,117759.99,150.55904
1752379200000,117753.59,117892.23,117684.22,117879.22,222.50112
1752375600000,117620.0,117824.76,117600.81,117753.6,138.03288
1752372000000,117553.37,117817.16,117407.94,117620.0,158.6613
1752368400000,117316.1,117640.61,117224.79,117553.37,236.13001
1752364800000,117420.0,117458.48,117248.21,117316.1,163.58729
1752361200000,117385.38,117460.02,117219.53,117420.0,117.07289
1752357600000,117485.21,117563.75,117312.04,117385.37,233.15011
1752354000000,117023.36,117555.5,117000.01,117485.22,207.04733
1752350400000,117550.96,117550.96,117023.35,117023.36,154.52026
1752346800000,117504.01,117639.98,117439.72,117550.96,307.8177
1752343200000,117478.4,117509.76,117378.91,117504.0,161.72998
1752339600000,117191.08,117548.69,117186.81,117478.4,209.00655
1752336000000,117100.0,117399.77,117045.86,117191.08,282.98905
1752332400000,117389.47,117461.62,116900.05,117100.01,782.91296
1752328800000,117500.0,117727.26,117315.68,117389.47,449.96682
1752325200000,117559.98,117571.61,117238.88,117500.0,758.24496
1752321600000,117810.0,117861.19,117309.61,117559.97,896.26553
1752318000000,118077.32,118106.2,117625.0,117810.0,299.38516
1752314400000,118158.79,118158.79,117870.31,118077.32,360.52166
1752310800000,117929.66,118200.0,117881.15,118158.78,372.57837
1752307200000,117731.99,118000.0,117724.47,117929.65,426.87947
1752303600000,117847.66,118054.79,117625.63,117731.99,389.30318
1752300000000,117689.68,117981.57,117660.0,117847.66,309.07591
1752296400000,117646.43,117718.82,117506.37,117689.68,227.7315
1752292800000,117774.42,117876.57,117587.0,117646.44,231.58516
1752289200000,117599.98,117847.66,117599.97,117774.42,235.13774
1752285600000,117644.8,117800.43,117556.0,117599.99,319.10692
1752282000000,117407.99,117697.49,117407.99,117644.81,322.02488
1752278400000,117527.66,117646.97,117141.13,117407.99,392.55028
1752274800000,117615.88,117677.24,117436.59,117527.66,205.15806
1752271200000,117619.99,117665.92,117146.8,117615.89,505.97498
1752267600000,117664.46,117880.01,117471.09,117619.99,279.72136
1752264000000,118108.81,118108.81,117659.19,117664.46,355.65991
1752260400000,117694.02,118138.75,117426.58,118108.81,639.64596
1752256800000,117640.01,117734.55,117300.0,117694.01,408.58924
1752253200000,117393.38,117745.7,117250.0,117640.0,775.16024
1752249600000,116902.58,117433.4,116604.87,117393.39,931.33103
1752246000000,117858.15,117960.0,116724.66,116902.59,1311.7905
1752242400000,117989.17,118170.24,117388.0,117858.16,1074.59567
1752238800000,117878.1,118189.18,117273.45,117989.18,1463.56142
1752235200000,117821.91,118259.24,117741.94,117878.11,861.42649
1752231600000,117983.78,118110.6,117583.16,117821.91,808.62177
1752228000000,118470.35,118470.35,117946.72,117983.78,1340.00944
1752224400000,117964.75,118869.98,117883.74,118470.34,1514.6018
1752220800000,117526.88,118133.0,117526.88,117964.76,1000.8286
1752217200000,117648.32,118108.79,117468.53,117526.88,3129.43875
1752213600000,117860.38,118400.0,117602.22,117648.33,1499.83544
1752210000000,116918.16,118404.22,116918.16,117860.37,2636.873797
1752206400000,116881.69,116929.0,116500.0,116918.16,674.02539
1752202800000,116672.57,116950.0,116390.25,116881.7,1276.211611
1752199200000,115967.57,116800.0,115702.86,116672.57,1353.14236
1752195600000,115590.64,116078.85,115514.57,115967.57,786.25654
1752192000000,116010.01,116098.8,115222.22,115590.63,1041.06079
1752188400000,116008.38,116099.99,115645.88,116010.0,1291.02859
1752184800000,116490.52,116499.95,115800.0,116008.38,2278.63989
1752181200000,113493.16,116868.0,113385.36,116490.52,6314.071274
1752177600000,113301.8,113580.0,113270.98,113493.16,554.81409
1752174000000,113420.01,113680.0,113098.45,113301.81,946.49177
1752170400000,113722.83,113760.97,112985.64,113420.0,1310.78452
1752166800000,112643.47,113788.23,112545.95,113722.82,2757.376001
1752163200000,111408.4,112725.38,111322.32,112643.48,2446.3854
1752159600000,111247.56,111408.41,110969.51,111408.4,589.60583
1752156000000,110801.78,111319.24,110642.3,111247.57,729.68377
1752152400000,110869.0,111039.99,110500.0,110800.01,544.26918
1752148800000,111019.99,111020.0,110752.35,110869.0,357.65859
1752145200000,111088.51,111173.95,110967.0,111019.99,363.6832
1752141600000,111041.37,111098.3,110870.33,111088.51,356.07524
1752138000000,111233.34,111258.0,111021.57,111041.36,286.97004
1752134400000,111229.99,111398.96,111102.78,111233.33,401.06449
1752130800000,111233.33,111432.46,111144.08,111230.0,502.09594
1752127200000,111086.14,111306.49,111086.14,111233.34,395.68308
1752123600000,111150.0,111164.35,110898.0,111086.14,477.20128
1752120000000,111074.52,111185.77,110951.59,111150.0,292.13383
1752116400000,111213.91,111221.14,110986.33,111074.51,317.73205
1752112800000,111189.7,111581.0,111150.0,111213.91,493.35901
1752109200000,110916.66,111356.0,110880.0,111189.71,474.28195
1752105600000,111234.0,111319.24,110916.66,110916.66,402.36165
1752102000000,111382.17,111521.0,111229.92,111233.99,613.49597
1752098400000,110818.36,111403.85,110818.36,111382.17,582.41183
1752094800000,110714.97,111280.0,110682.39,110818.36,689.32229
1752091200000,111749.99,111952.33,110559.4,110714.97,1677.69298
1752087600000,109536.5,111999.79,109500.0,111750.0,5139.53728
1752084000000,109168.01,109579.98,109137.42,109536.49,559.4946
1752080400000,109408.72,109447.82,109047.49,109168.0,301.26918
1752076800000,109071.32,109475.29,109047.49,109408.71,338.27349
1752073200000,108900.29,109215.69,108816.52,109071.32,666.8805
1752069600000,109183.99,109460.94,108503.0,108900.29,1123.17859
1752066000000,109330.76,109769.39,109128.72,109184.0,1400.69872
1752062400000,109058.27,109500.0,108992.87,109330.77,917.6335
1752058800000,108900.0,109117.0,108899.99,109058.27,523.04092
1752055200000,108763.37,108900.0,108708.0,108900.0,159.39779
1752051600000,108654.15,108793.47,108553.18,108763.37,334.08934
1752048000000,108714.39,108837.7,108654.15,108654.16,259.46811
1752044400000,108840.01,108876.3,108675.15,108714.39,173.42235
1752040800000,108778.1,108860.0,108667.01,108840.01,219.55216
1752037200000,108553.6,108942.2,108489.2,108778.1,393.65608
1752033600000,108376.41,108564.0,108324.53,108553.61,214.96856
1752030000000,108611.53,108665.4,108348.0,108376.41,356.48997
1752026400000,108780.77,108837.7,108600.0,108611.53,277.87433
1752022800000,108940.38,109136.0,108722.09,108780.76,219.97215
1752019200000,108922.99,108957.58,108777.97,108940.39,140.46581
1752015600000,108917.01,108974.0,108823.07,108922.98,121.46916
1752012000000,108889.89,108973.58,108818.08,108917.01,153.40934
1752008400000,108630.53,108970.4,108624.0,108889.9,169.96042
1752004800000,108771.87,108939.0,108630.53,108630.54,159.96027
1752001200000,109147.55,109147.56,108736.0,108771.88,279.87349
1751997600000,108991.01,109147.56,108909.94,109147.56,700.15853
1751994000000,108439.37,109100.0,108439.37,108991.0,1106.48635
1751990400000,108268.35,108562.95,108096.55,108439.37,340.38908
1751986800000,108376.0,108528.06,108217.07,108268.35,430.74475
1751983200000,109034.6,109072.81,108250.0,108376.0,597.6859
1751979600000,108949.19,109216.56,108631.27,109034.61,591.54102
1751976000000,108756.37,108949.19,108688.82,108949.19,228.47887
1751972400000,108832.78,109005.0,108756.36,108756.37,458.50309
1751968800000,108469.99,108900.0,108419.08,108832.77,470.58627
1751965200000,108262.35,108488.98,108229.15,108469.99,142.75742
1751961600000,108484.61,108525.0,108262.35,108262.36,242.39116
1751958000000,108299.71,108499.0,108216.04,108484.61,403.22303
1751954400000,108210.94,108392.05,108135.25,108299.72,260.36038
1751950800000,108019.23,108220.39,107990.0,108210.94,193.76866
1751947200000,107901.52,108019.24,107750.0,108019.24,152.71362
1751943600000,107766.2,108000.0,107686.92,107901.52,183.27109
1751940000000,107705.03,107945.0,107429.57,107766.2,1090.68261
1751936400000,108299.99,108300.0,107689.64,107705.03,327.96475
1751932800000,108262.94,108525.0,108193.48,108299.99,409.64154
1751929200000,108019.23,108300.0,108019.23,108262.94,159.50275
1751925600000,108166.94,108180.0,107973.06,108019.23,222.87717
1751922000000,107886.85,108213.0,107800.01,108166.95,283.98408
1751918400000,108056.67,108140.5,107866.66,107886.85,220.5076
1751914800000,108024.53,108314.72,108009.99,108056.68,311.81983
1751911200000,107943.16,108100.0,107513.2,108024.53,492.15098
1751907600000,107976.91,108354.0,107811.0,107943.15,381.91342
1751904000000,108292.59,108493.56,107906.25,107976.91,640.2301
1751900400000,108223.14,108621.45,108223.14,108292.59,364.16316
1751896800000,108536.84,108660.0,107970.0,108223.14,535.69464
1751893200000,108346.86,108572.0,108019.23,108536.84,726.60378
1751889600000,108642.01,108642.02,108303.83,108346.85,889.93465
1751886000000,108664.15,108801.0,108572.52,108642.01,355.32653
1751882400000,108849.05,108899.32,108660.14,108664.14,967.12524
1751878800000,109011.7,109011.71,108761.13,108849.06,259.49114
1751875200000,109061.07,109087.86,108860.5,109011.7,211.49643
1751871600000,108774.5,109061.08,108654.94,109061.08,351.63493
1751868000000,109079.99,109174.87,108769.23,108774.5,348.32807
1751864400000,109128.73,109201.65,109035.21,109079.99,184.85155
1751860800000,109389.46,109447.54,109128.72,109128.73,184.07817
1751857200000,109364.53,109700.0,109364.52,109389.47,326.56622
1751853600000,109019.13,109499.99,109019.12,109364.52,433.83049
1751850000000,108823.07,109089.0,108679.75,109019.13,299.62996
1751846400000,109203.85,109288.02,108800.01,108823.07,253.63512
1751842800000,109228.73,109278.18,108977.54,109203.84,293.12251
1751839200000,109208.24,109526.69,109203.86,109228.73,464.06563
1751835600000,108665.48,109700.0,108665.47,109208.25,810.60996
1751832000000,108538.45,108840.0,108536.86,108665.47,128.29699
1751828400000,108464.0,108630.95,108307.69,108538.46,182.73112
1751824800000,108919.23,108928.0,108266.67,108463.99,356.56585
1751821200000,108856.92,108966.62,108727.16,108919.22,143.19416
1751817600000,108906.0,108955.63,108708.0,108856.92,239.51721
1751814000000,108933.25,109000.12,108665.86,108905.99,493.52424
1751810400000,108772.18,109049.27,108612.0,108933.25,560.71245
1751806800000,108233.0,109127.03,108191.85,108772.17,934.17809
1751803200000,108076.0,108233.0,108045.76,108232.99,204.94128
1751799600000,107990.93,108079.17,107949.99,108076.01,85.72788
1751796000000,107850.0,108111.0,107800.01,107990.93,218.41123
1751792400000,108005.27,108056.01,107817.8,107850.01,198.30154
1751788800000,108040.31,108065.69,107969.31,108005.27,238.55538
1751785200000,108121.99,108194.59,108040.17,108040.31,140.25482
1751781600000,108003.36,108218.0,107977.7,108121.98,156.92717
1751778000000,107989.1,108010.13,107962.19,108003.35,83.81175
1751774400000,108050.49,108100.0,107930.45,107989.11,116.9031
1751770800000,108060.0,108100.0,108025.97,108050.49,77.80971
1751767200000,108218.25,108268.35,108060.02,108060.02,133.80239
1751763600000,108206.99,108218.25,108084.92,108218.25,95.82235
1751760000000,108198.12,108250.0,108112.96,108206.99,89.82019
1751756400000,108188.46,108250.0,108181.61,108198.12,208.53945
1751752800000,108089.99,108200.0,108048.25,108188.47,91.98951
1751749200000,108096.74,108140.0,108061.53,108090.0,83.77406
1751745600000,108141.78,108159.39,107993.39,108096.75,99.85777
1751742000000,108010.01,108167.23,107953.03,108141.78,120.25631
1751738400000,108090.08,108098.0,107965.51,108010.0,120.9452
1751734800000,108101.99,108159.0,107941.0,108090.08,128.19149
1751731200000,108058.0,108112.8,107864.75,108101.99,216.8031
1751727600000,108193.23,108193.24,108047.42,108058.0,159.40315
1751724000000,108126.0,108223.22,108103.84,108193.23,140.40955
1751720400000,108148.56,108232.29,108100.44,108125.99,170.43426
1751716800000,108112.2,108152.95,107971.0,108148.57,94.22384
1751713200000,108085.24,108219.19,108085.23,108112.21,160.79807
1751709600000,108078.07,108216.22,108053.3,108085.23,189.72643
1751706000000,108029.96,108123.62,107870.42,108078.06,184.41899
1751702400000,108053.46,108125.37,107922.8,108029.97,140.43625
1751698800000,108270.82,108270.82,108000.99,108053.46,157.65432
1751695200000,108125.63,108287.48,108059.71,108270.82,183.20807
1751691600000,108137.65,108166.31,108000.0,108125.63,147.7334
1751688000000,108154.72,108420.56,108032.0,108137.66,171.53463
1751684400000,108067.88,108259.99,108067.87,108154.72,189.1976
1751680800000,107981.14,108095.59,107756.31,108067.87,246.24667
1751677200000,108196.0,108196.01,107894.61,107981.13,148.43092
1751673600000,107984.25,108224.56,107955.07,108196.01,182.76266
1751670000000,108254.95,108254.96,107958.0,107984.24,189.00934
1751666400000,107911.19,108279.33,107886.84,108254.95,374.4163
1751662800000,107692.01,107941.99,107689.91,107911.2,255.84136
1751659200000,107469.22,107813.04,107440.63,107692.01,228.63195
1751655600000,107489.23,107637.84,107245.0,107469.23,662.11075
1751652000000,107875.37,107875.37,107489.23,107489.23,990.63968
1751648400000,107636.99,107922.5,107632.0,107875.37,364.43679
1751644800000,107573.29,107750.01,107333.33,107636.98,1414.5159
1751641200000,107809.99,107939.03,107573.28,107573.29,1055.73997
1751637600000,107970.22,108110.75,107505.0,107810.0,1361.9337
1751634000000,108731.8,108856.49,107970.22,107970.23,953.81709
1751630400000,108888.0,108978.64,108611.53,108731.79,244.5987
1751626800000,108899.73,109111.0,108856.0,108888.0,185.34724
1751623200000,108997.6,109067.06,108865.38,108899.74,212.83251
1751619600000,108763.29,109070.0,108763.28,108997.59,290.69348
1751616000000,108700.0,108892.0,108518.83,108763.28,397.51798
1751612400000,109026.0,109144.33,108700.0,108700.0,619.63648
1751608800000,109012.0,109028.98,108804.0,109025.99,279.91071
1751605200000,108982.59,109204.08,108921.0,109012.0,345.38756
1751601600000,109235.58,109329.6,108950.0,108982.59,364.1263
1751598000000,109180.54,109373.08,109119.23,109235.57,256.79241
1751594400000,109500.01,109500.01,109103.71,109180.54,302.6227
1751590800000,109478.94,109767.59,109445.86,109500.01,208.55945
1751587200000,109584.77,109708.04,109384.38,109478.94,234.7478
1751583600000,109699.17,109820.0,109510.0,109584.78,261.97178
1751580000000,109787.99,109874.69,109650.94,109699.17,195.2012
1751576400000,109947.1,110000.0,109687.59,109788.0,261.66349
1751572800000,109803.41,109947.11,109772.37,109947.11,187.94195
1751569200000,109678.75,109910.1,109638.01,109803.41,408.00794
1751565600000,109556.0,109721.51,109332.1,109678.75,284.97474
1751562000000,109288.47,109655.7,109278.41,109556.0,410.71077
1751558400000,109127.85,109683.19,109020.8,109288.46,584.75038
1751554800000,109718.57,109833.3,109107.0,109127.84,654.49287
1751551200000,110255.64,110499.6,109560.0,109718.57,999.03383
1751547600000,109168.0,110529.18,109133.3,110255.63,1445.48707
1751544000000,109599.18,109916.0,108749.99,109167.99,1102.71213
1751540400000,109839.38,109839.38,109584.61,109599.19,255.55023
1751536800000,109942.19,110000.0,109628.08,109839.37,644.21123
1751533200000,109377.57,110273.21,109377.57,109942.2,1791.81347
1751529600000,109279.99,109580.0,109279.99,109377.57,557.97387
1751526000000,109478.95,109478.95,109146.2,109280.0,442.04211
1751522400000,109340.37,109548.0,109237.85,109478.94,372.89912
1751518800000,108790.0,109381.12,108790.0,109340.37,452.51528
1751515200000,108628.2,109000.01,108566.14,108790.0,293.13317
1751511600000,108721.52,108820.0,108620.25,108628.21,226.69063
1751508000000,108975.96,108975.97,108530.4,108721.52,335.42231
1751504400000,108915.0,109111.0,108807.43,108975.97,383.5858
1751500800000,108849.59,109115.03,108715.56,108915.0,494.29688
1751497200000,109142.0,109170.42,108720.0,108849.6,773.5973
1751493600000,109441.79,109498.91,109100.57,109142.0,673.30761
1751490000000,109136.31,109542.31,109130.01,109441.8,1281.72086
1751486400000,109676.14,109676.14,109128.72,109136.3,575.18566
1751482800000,109538.88,109681.81,109293.9,109676.14,1320.35211
1751479200000,109129.68,109538.89,108989.9,109538.88,522.88486
1751475600000,109413.01,109730.0,108834.3,109129.67,1117.75624
1751472000000,108737.75,109646.45,108650.97,109413.02,2695.11586
1751468400000,108140.0,108759.2,108120.0,108737.74,1330.61173
1751464800000,107768.21,108171.8,107659.35,108139.99,937.16142
1751461200000,107379.92,107998.0,107280.0,107768.2,587.51111
1751457600000,107479.98,107479.99,107186.1,107379.92,371.85695
1751454000000,107848.95,107848.96,107338.15,107479.99,514.05194
1751450400000,107636.15,107860.23,107612.67,107848.95,442.3967
1751446800000,107729.0,107799.99,107506.52,107636.16,388.44355
1751443200000,107080.0,107745.0,107080.0,107728.99,802.78861
1751439600000,107014.39,107186.78,106852.83,107080.0,557.31452
1751436000000,106638.83,107014.39,106633.83,107014.38,611.77648
1751432400000,106382.85,106667.57,106292.29,106638.83,395.18675
1751428800000,106194.7,106382.86,106131.55,106382.86,339.23333
1751425200000,105908.71,106216.08,105871.07,106194.7,362.91292
1751421600000,105720.0,105920.11,105525.61,105908.7,333.47913
1751418000000,105392.3,105790.07,105100.19,105720.0,517.94641
1751414400000,105681.13,105781.43,105377.35,105392.3,239.30387
1751410800000,105613.21,105702.39,105361.33,105681.14,246.49903
1751407200000,105784.12,105916.64,105600.0,105613.22,253.7495
1751403600000,105920.01,106100.0,105744.81,105784.13,231.93599
1751400000000,105398.52,105995.44,105250.85,105920.01,431.58675
1751396400000,105749.68,105804.0,105387.68,105398.53,654.75967
1751392800000,106253.8,106269.6,105699.22,105749.68,412.70793
1751389200000,106082.55,106287.95,105909.42,106253.79,279.69821
1751385600000,105955.19,106280.0,105831.5,106082.56,343.73692
1751382000000,105925.01,106200.0,105623.39,105955.18,876.10488
1751378400000,106807.43,107179.99,105717.84,105925.0,1572.86174
1751374800000,106421.07,106885.38,106301.04,106807.42,1241.43566
1751371200000,106605.79,106706.05,106365.24,106421.08,284.29339
1751367600000,106490.42,106622.05,106317.17,106605.8,294.43204
1751364000000,106556.39,106633.31,106301.86,106490.42,468.88764
1751360400000,106710.12,106794.09,106500.0,106556.39,389.14535
1751356800000,107178.99,107178.99,106681.52,106710.12,282.35131
1751353200000,106890.77,107178.99,106615.97,107178.99,436.41463
1751349600000,106932.49,106932.49,106758.24,106890.77,167.32269
1751346000000,106881.6,106967.76,106740.0,106932.49,402.48733
1751342400000,107192.39,107203.11,106867.43,106881.6,261.75371
1751338800000,107101.68,107223.0,107070.2,107192.38,293.12458
1751335200000,107220.0,107410.74,107097.87,107101.69,207.06087
1751331600000,107377.03,107540.0,107171.42,107220.0,219.64653
1751328000000,107146.51,107449.25,107026.93,107377.02,253.62802
1751324400000,107112.76,107232.59,107063.04,107146.5,239.4535
1751320800000,107130.8,107317.53,107029.64,107112.75,203.265
1751317200000,107577.88,107589.0,106900.02,107130.81,441.72872
1751313600000,107745.97,107764.73,107480.0,107577.89,187.16819
1751310000000,107242.0,107794.19,107212.6,107745.97,325.03838
1751306400000,107462.95,107614.9,107116.4,107242.01,230.18635
1751302800000,107599.96,107792.99,107429.39,107462.94,346.53424
1751299200000,107580.47,107807.94,107281.5,107599.96,413.06794
1751295600000,106803.32,107796.2,106733.33,107580.46,905.70004
1751292000000,107525.49,107641.31,106777.77,106803.32,1166.01856
1751288400000,107570.59,107858.79,107482.56,107525.49,546.11194
1751284800000,107654.21,107824.31,107561.16,107570.58,362.20383
1751281200000,107649.5,107964.33,107624.99,107654.2,340.59546
1751277600000,107478.78,107649.5,107400.0,107649.49,263.79321
1751274000000,107512.89,107704.98,107466.18,107478.77,269.13675
1751270400000,107614.07,107747.76,107459.0,107512.89,368.679
1751266800000,107571.73,107746.13,107481.31,107614.08,497.31364
1751263200000,108280.66,108299.99,107518.88,107571.72,588.6705
1751259600000,108314.98,108380.0,108168.48,108280.65,230.27709
1751256000000,108503.74,108538.76,108301.6,108314.99,265.0143
1751252400000,108479.99,108580.0,108419.56,108503.74,230.64114
1751248800000,108493.92,108652.0,108445.01,108479.81,283.7017
1751245200000,108713.8,108770.0,108396.18,108493.93,354.63098
1751241600000,108356.93,108789.99,108255.81,108713.81,695.19445
1751238000000,108079.91,108436.47,108013.28,108356.93,513.90412
1751234400000,107543.48,108277.23,107543.48,108079.9,562.58019
1751230800000,107359.79,107734.59,107250.0,107543.48,254.81614
1751227200000,107406.8,107494.06,107359.78,107359.79,127.90868
1751223600000,107640.01,107640.01,107365.96,107406.81,106.96705
1751220000000,107544.44,107718.02,107445.4,107640.01,195.17898
1751216400000,107552.03,107592.17,107316.46,107544.44,341.27998
1751212800000,107750.72,107792.05,107320.0,107552.03,545.10349
1751209200000,107948.07,108034.13,107650.0,107750.72,345.2614
1751205600000,108051.53,108215.12,107777.77,107948.08,346.17479
1751202000000,108189.88,108228.28,108012.82,108051.52,254.59705
1751198400000,108477.12,108528.5,108033.0,108189.88,374.4257
1751194800000,108153.25,108484.0,108096.56,108477.11,464.45774
1751191200000,107891.64,108297.89,107849.61,108153.26,789.94745
1751187600000,107693.85,107972.74,107627.49,107891.64,417.03479
1751184000000,107402.17,107719.58,107402.17,107693.85,317.48769
1751180400000,107376.96,107402.18,107330.0,107402.18,114.10295
1751176800000,107310.0,107385.92,107309.99,107376.95,104.8323
1751173200000,107264.16,107310.0,107205.82,107309.99,65.97827
1751169600000,107210.78,107272.77,107210.77,107264.15,55.66311
1751166000000,107307.47,107307.48,107189.86,107210.78,73.19936
1751162400000,107311.0,107355.06,107172.52,107307.48,143.34108
1751158800000,107475.91,107475.92,107310.53,107311.0,101.25733
1751155200000,107296.79,107500.0,107254.16,107475.92,216.23676
1751151600000,107370.61,107370.62,107282.72,107296.79,75.06468
1751148000000,107331.37,107378.37,107257.09,107370.61,141.59714
1751144400000,107169.52,107347.65,107169.52,107331.38,82.17435
1751140800000,107225.74,107235.4,107154.62,107169.52,80.40679
1751137200000,107318.0,107339.38,107225.74,107225.74,69.70492
1751133600000,107465.13,107465.13,107260.64,107318.0,97.82363
1751130000000,107295.85,107542.5,107295.13,107465.12,116.29548
1751126400000,107449.28,107520.32,107253.22,107295.84,215.26558
1751122800000,107204.81,107577.75,107190.21,107449.28,254.30559
1751119200000,107101.79,107258.35,107101.78,107204.8,128.87426
1751115600000,107341.34,107354.82,107084.15,107101.78,222.67132
1751112000000,107373.39,107373.4,107292.44,107341.34,109.02275
1751108400000,107274.41,107373.4,107270.37,107373.39,88.84492
1751104800000,107308.0,107376.89,107252.6,107274.41,117.47879
1751101200000,107380.0,107380.0,107275.0,107307.99,109.33753
1751097600000,107485.01,107493.07,107347.85,107379.99,100.63716
1751094000000,107412.07,107496.12,107400.68,107485.0,157.78581
1751090400000,107294.81,107449.07,107294.8,107412.07,119.62237
1751086800000,107191.2,107317.0,107185.32,107294.8,127.55204
1751083200000,107300.13,107310.9,107183.29,107191.19,92.66137
1751079600000,107110.01,107347.1,107080.27,107300.13,142.29084
1751076000000,107066.19,107200.0,107015.7,107110.0,154.46239
1751072400000,107064.2,107129.33,106811.51,107066.19,193.38505
1751068800000,107047.58,107176.68,106847.59,107064.19,284.90876
1751065200000,107100.7,107171.23,106961.7,107047.59,169.4587
1751061600000,107052.01,107190.21,107052.01,107100.7,148.83751
1751058000000,107119.5,107277.99,107038.54,107052.01,231.16317
1751054400000,106801.02,107130.36,106794.33,107119.5,254.52948
1751050800000,106704.6,107020.66,106594.1,106801.02,366.69076
1751047200000,106875.75,107000.0,106446.45,106704.6,440.83658
1751043600000,107480.1,107497.16,106477.34,106875.75,501.2309
1751040000000,107308.25,107709.22,107094.03,107480.1,678.72532
1751036400000,106557.79,107407.14,106485.37,107308.25,495.30793
1751032800000,106821.0,107105.43,106370.44,106557.79,2106.24243
1751029200000,106692.89,106982.4,106356.76,106820.99,613.57127
1751025600000,106983.6,107200.0,106601.64,106692.9,489.40703
1751022000000,106995.33,107147.83,106921.66,106983.6,221.66755
1751018400000,107083.81,107159.95,106953.02,106995.32,328.42336
1751014800000,106998.54,107137.64,106786.47,107083.8,1011.48795
1751011200000,106869.72,107087.85,106679.98,106998.53,756.49658
1751007600000,107278.82,107735.34,106850.0,106869.71,1190.74662
1751004000000,107267.73,107385.24,107202.67,107278.82,187.40893
1751000400000,107497.07,107550.0,107267.73,107267.74,285.13466
1750996800000,107477.76,107568.68,107360.65,107497.06,282.76941
1750993200000,107253.59,107515.28,107168.79,107477.76,371.91271
1750989600000,107122.8,107300.0,107062.42,107253.6,277.3313
1750986000000,106675.21,107229.95,106438.33,107122.81,490.44969
1750982400000,106947.06,107179.8,106650.26,106675.22,332.61058
1750978800000,106992.59,107063.05,106865.56,106947.06,295.4715
1750975200000,107029.59,107235.29,106961.94,106992.59,243.89497
1750971600000,107766.3,107799.99,106850.0,107029.6,462.11523
1750968000000,107532.97,108000.0,107451.95,107766.29,497.91662
1750964400000,107384.11,107669.74,107328.0,107532.98,360.79815
1750960800000,107192.99,107580.0,107137.03,107384.1,289.91325
1750957200000,107196.06,107442.84,107145.38,107192.99,275.62731
1750953600000,107313.61,107410.94,107009.28,107196.05,326.30789
1750950000000,107436.6,107515.5,106562.5,107313.6,727.84181
1750946400000,106960.01,107765.55,106884.31,107436.6,711.91004
1750942800000,107122.47,107348.52,106817.64,106960.01,798.08785
1750939200000,107325.42,107421.57,107033.33,107122.48,385.28934
1750935600000,107389.0,107403.02,107117.65,107325.41,413.36685
1750932000000,107325.13,107468.94,107240.0,107389.01,348.76501
1750928400000,107753.07,107786.53,107275.63,107325.12,744.20067
1750924800000,107813.99,108174.86,107709.38,107753.07,504.11053
1750921200000,107761.5,108085.92,107751.3,107813.99,512.12581
1750917600000,107632.09,107813.57,107553.11,107761.5,239.49288
1750914000000,107845.4,107845.4,107520.0,107632.09,213.1355
1750910400000,107853.79,107953.27,107692.64,107845.41,326.06452
1750906800000,107920.47,108272.45,107783.69,107853.79,558.37668
1750903200000,107638.01,108039.05,107562.4,107920.47,511.55605
1750899600000,107320.0,107900.0,107105.43,107638.01,438.8069
1750896000000,107340.59,107623.52,107252.21,107320.0,388.09743
1750892400000,107275.01,107375.01,107079.9,107340.58,257.06498
1750888800000,107569.67,107569.68,107215.0,107275.01,222.01581
1750885200000,107781.2,108000.0,107444.57,107569.67,358.92205
1750881600000,107761.67,107859.33,107500.0,107781.2,280.92154
1750878000000,107406.62,107905.37,107394.97,107761.68,699.65838
1750874400000,107402.54,107523.9,107177.52,107406.63,346.45173
1750870800000,107139.81,107529.35,106931.0,107402.53,416.2053
1750867200000,107027.99,107490.75,106989.03,107139.81,647.37905
1750863600000,107629.58,107638.0,106752.36,107028.0,2246.03929
1750860000000,107923.22,108135.3,107226.94,107629.59,2426.55627
1750856400000,107240.0,108130.24,107172.87,107923.21,2185.64353
1750852800000,107198.02,107300.0,106927.8,107240.0,638.76405
1750849200000,107126.5,107237.44,106866.9,107198.02,524.38199
1750845600000,106628.05,107184.68,106567.38,107126.49,814.12848
1750842000000,106635.76,106971.91,106449.61,106628.06,622.78256
1750838400000,106600.0,106663.24,106343.13,106635.76,311.52266
1750834800000,106400.0,106702.0,106321.25,106600.01,282.89666
1750831200000,106213.72,106461.04,106125.05,106399.99,265.13494
1750827600000,106197.55,106396.61,106037.14,106213.72,356.85468
1750824000000,106232.01,106308.89,106001.0,106197.56,412.73706
1750820400000,106474.58,106599.9,106216.62,106232.01,326.44832
1750816800000,106387.42,106791.18,106300.0,106474.58,835.01863
1750813200000,106407.34,106616.01,106016.0,106387.43,631.33414
1750809600000,106083.0,106470.21,105808.03,106407.34,592.29341
1750806000000,106025.39,106083.0,105774.9,106083.0,251.76566
1750802400000,105989.04,106025.92,105734.38,106025.39,215.34353
1750798800000,106087.3,106119.11,105729.95,105989.05,323.30084
1750795200000,105643.2,106098.0,105435.45,106087.3,303.1649
1750791600000,105533.73,105677.82,105270.48,105643.19,317.34852
1750788000000,106046.69,106088.96,105523.8,105533.73,334.55603
1750784400000,106225.25,106290.0,105609.8,106046.69,688.95518
1750780800000,105244.72,106268.0,105172.64,106225.26,1025.54114
1750777200000,105517.5,105731.92,105153.01,105244.73,693.40867
1750773600000,105065.45,105665.52,104950.8,105517.5,910.70771
1750770000000,105205.47,105390.27,104800.98,105065.44,899.11622
1750766400000,105169.99,105306.54,104968.43,105205.47,430.49812
1750762800000,105281.98,105428.03,105001.6,105170.0,464.75889
1750759200000,105198.99,105351.0,105069.23,105281.99,340.65394
1750755600000,104996.78,105571.4,104968.25,105198.98,541.75908
1750752000000,104933.74,105167.24,104622.02,104996.77,869.69249
1750748400000,105655.23,105777.0,104900.0,104933.74,1025.84889
1750744800000,105396.54,105811.0,105244.84,105655.23,1003.25722
1750741200000,104826.13,105426.48,104826.13,105396.54,800.95842
1750737600000,104919.6,104959.24,104704.91,104826.14,328.91534
1750734000000,104753.8,105127.94,104720.82,104919.6,547.71821
1750730400000,105450.75,105450.75,104729.69,104753.8,857.70174
1750726800000,105132.59,105499.99,104966.99,105450.76,601.29109
1750723200000,105333.94,105500.0,104909.69,105132.59,875.43152
1750719600000,105538.17,105665.05,105115.65,105333.93,1255.36828
1750716000000,103705.52,106074.2,103697.06,105538.19,4047.63551
1750712400000,103740.0,104214.28,103624.19,103705.52,1054.87886
1750708800000,103161.3,103915.5,102880.0,103739.99,1393.77246
1750705200000,102933.77,103230.76,102676.94,103161.29,765.13745
1750701600000,102484.02,103300.0,102387.72,102933.78,1726.1708
1750698000000,100692.1,102690.0,100500.22,102484.02,2504.13624
1750694400000,101420.71,101453.35,99613.33,100692.1,2500.92801
1750690800000,101624.39,102060.25,101301.2,101420.7,715.91148
1750687200000,102354.15,102613.09,101496.0,101624.39,1515.43225
1750683600000,101684.7,102480.06,100792.16,102354.14,1686.21308
1750680000000,101289.0,101684.7,101112.06,101684.7,534.10819
1750676400000,101463.22,101562.19,101102.76,101289.01,713.87442
1750672800000,101567.66,101577.01,101198.68,101463.21,457.66095
1750669200000,101881.38,101881.38,101389.09,101567.66,744.83165
1750665600000,101931.04,102080.0,101746.61,101881.37,611.15349
1750662000000,101940.28,102137.0,101748.31,101931.04,520.59927
1750658400000,101771.01,102064.69,101645.47,101940.27,858.16211
1750654800000,101168.0,101890.0,101167.99,101771.02,654.30154
1750651200000,101154.13,101314.46,100980.0,101167.99,476.00651
1750647600000,101301.2,101370.68,101073.32,101154.14,405.1221
1750644000000,101101.65,101399.37,100930.2,101301.2,558.46691
1750640400000,100904.6,101109.87,100564.19,101101.64,510.13988
1750636800000,100963.87,101620.0,100494.25,100904.6,1456.49465
1750633200000,100980.05,101034.65,100645.88,100963.87,698.82763
1750629600000,99173.83,100980.06,99140.0,100980.05,1447.49104
1750626000000,99536.0,99667.01,99004.72,99173.83,581.67969
1750622400000,98882.85,99760.0,98200.0,99536.0,1553.47813
1750618800000,99437.42,99453.75,98800.0,98882.84,666.66278
1750615200000,99480.01,99777.61,99350.34,99437.42,497.41061
1750611600000,99667.17,100380.0,99407.98,99480.0,1314.03627
1750608000000,98906.21,99689.66,98673.66,99667.17,1941.29236
1750604400000,99628.29,99826.34,98889.35,98906.21,2239.60197
1750600800000,100865.66,101239.06,99066.36,99628.28,5962.78508
1750597200000,102759.97,102810.28,100268.75,100865.66,3718.17394
1750593600000,102739.47,102831.0,102584.36,102759.98,502.02446
1750590000000,102495.68,102760.5,102428.69,102739.48,488.58739
1750586400000,102199.99,102532.44,102150.0,102495.69,394.55689
1750582800000,102712.34,102804.05,102080.0,102199.99,564.4597
1750579200000,102424.61,102712.34,102318.04,102712.34,353.70287
1750575600000,102744.36,102750.0,102269.18,102424.61,365.86442
1750572000000,102853.89,102946.47,102692.87,102744.36,318.23622
1750568400000,102548.14,102919.46,102548.14,102853.89,414.14625
1750564800000,102375.4,102786.38,102256.01,102548.15,383.4842
1750561200000,102347.63,102600.0,102127.34,102375.4,464.71771
1750557600000,102387.01,102884.0,101885.98,102347.64,1115.38093
1750554000000,102852.0,103005.37,102237.37,102387.0,887.90565
1750550400000,102120.02,103399.62,101839.96,102852.0,1871.90453
1750546800000,101772.97,102322.41,100837.9,102120.01,1684.69272
1750543200000,101455.61,102000.0,101446.74,101772.96,652.3887
1750539600000,102782.09,102836.0,101110.0,101455.61,1921.95689
1750536000000,102245.11,102888.88,102206.0,102782.08,454.58904
1750532400000,102645.22,102757.22,102210.43,102245.1,1198.04823
1750528800000,103182.98,103423.21,102633.45,102645.22,616.44824
1750525200000,103486.01,103589.2,103174.12,103182.98,342.68316
1750521600000,103560.9,103640.0,103449.1,103486.01,208.22464
1750518000000,103550.0,103680.0,103281.82,103560.9,527.14166
1750514400000,103572.29,103776.0,103382.97,103549.99,497.84934
1750510800000,103807.7,103866.98,103534.62,103572.29,272.41367
1750507200000,103874.63,103946.47,103786.61,103807.7,151.86969
1750503600000,103831.22,103929.99,103724.13,103874.64,167.57049
1750500000000,103843.37,103982.64,103767.77,103831.22,298.42441
1750496400000,103826.03,103933.33,103653.14,103843.37,387.02991
1750492800000,103458.5,103830.48,103458.49,103826.03,335.53724
1750489200000,103572.69,103572.69,103360.02,103458.5,276.07214
1750485600000,103421.21,103599.04,103330.0,103572.69,164.9677
1750482000000,103384.99,103487.0,103343.0,103421.21,115.82266
1750478400000,103495.86,103531.97,103333.0,103384.98,129.74868
1750474800000,103499.99,103691.67,103495.87,103495.87,145.59786
1750471200000,103515.36,103538.6,103377.44,103499.98,139.14418
1750467600000,103248.06,103515.37,103137.86,103515.36,263.84601
1750464000000,103297.98,103339.99,103127.48,103248.07,202.14606
1750460400000,103107.12,103339.99,102963.67,103297.99,295.95141
1750456800000,103531.99,103532.0,102980.0,103107.11,435.1464
1750453200000,103693.51,103719.99,103353.06,103532.0,311.76605
1750449600000,103307.21,103828.0,103300.11,103693.5,712.51715
1750446000000,103165.44,103495.72,103010.41,103307.22,437.48107
1750442400000,103279.26,103428.5,103037.25,103165.45,792.98471
1750438800000,103670.61,103761.84,102345.0,103279.26,2746.51433
1750435200000,104218.0,104269.64,103620.01,103670.61,1250.51824
1750431600000,103940.01,104623.34,103888.0,104217.99,1125.6248
1750428000000,105673.99,105795.39,103888.0,103940.01,1538.46329
1750424400000,105982.9,106149.17,105361.62,105674.0,755.45526
1750420800000,105977.82,106107.69,105876.01,105982.89,249.32596
1750417200000,105958.87,106075.14,105801.09,105977.82,308.78491
1750413600000,105940.57,106172.06,105829.18,105958.87,509.44809
1750410000000,105959.68,106078.85,105757.48,105940.58,475.74806
1750406400000,105811.74,106524.65,105780.76,105959.68,1568.80558
1750402800000,104719.86,105825.66,104648.46,105811.74,1083.81217
1750399200000,104584.68,104769.25,104584.68,104719.86,234.96044
1750395600000,104258.59,104585.99,104258.59,104584.68,326.07738
1750392000000,104596.64,104600.0,104238.02,104258.59,233.22018
1750388400000,104628.0,104700.0,104511.0,104596.63,230.06249
1750384800000,104778.5,104800.0,104496.5,104628.0,378.45556
1750381200000,104692.74,104797.06,104391.38,104778.5,179.3014
1750377600000,104658.59,104820.0,104563.25,104692.74,238.6379
1750374000000,104596.29,104898.31,104463.56,104658.59,236.39591
1750370400000,104332.45,104774.32,104332.45,104596.29,323.86777
1750366800000,104266.83,104413.66,104228.53,104332.45,176.53959
1750363200000,104250.45,104496.0,104150.0,104266.82,161.1343
1750359600000,104392.54,104464.29,104126.98,104250.44,266.773
1750356000000,104521.32,104694.01,104294.09,104392.53,296.18725
1750352400000,104001.13,104814.73,103929.27,104521.31,684.04339
1750348800000,104096.94,104425.15,103933.33,104001.13,377.21937
1750345200000,104148.61,104443.94,104078.0,104096.93,496.14025
1750341600000,104283.33,104690.47,104109.06,104148.6,435.78555
1750338000000,104752.61,104785.15,104244.11,104283.33,413.67121
1750334400000,104776.23,104917.05,104663.77,104752.6,249.90189
1750330800000,104913.19,104913.2,104720.1,104776.23,173.90893
1750327200000,104994.0,105073.53,104843.7,104913.19,199.62218
1750323600000,104746.11,105030.0,104729.83,104994.0,284.66266
1750320000000,104642.85,104986.13,104631.26,104746.12,291.39146
1750316400000,104707.95,104848.49,104617.69,104642.85,276.76135
1750312800000,104892.86,104989.34,104630.89,104707.94,280.44541
1750309200000,105073.52,105220.0,104819.62,104892.86,274.94947
1750305600000,105100.01,105111.37,104803.98,105073.52,300.10136
1750302000000,104722.5,105114.45,104722.5,105100.02,233.06599
1750298400000,104599.25,105000.64,104457.12,104722.51,325.08223
1750294800000,104944.06,104964.02,104466.16,104599.25,386.57688
1750291200000,104886.79,105226.17,104680.41,104944.06,534.37997
1750287600000,104815.23,104956.74,104630.09,104886.78,187.15256
1750284000000,105085.49,105138.0,104794.41,104815.23,257.38438
1750280400000,104822.34,105139.87,104378.62,105085.5,574.55745
1750276800000,103808.41,104988.88,103652.0,104822.33,628.82425
1750273200000,103623.39,104437.7,103500.0,103808.41,839.17523
1750269600000,104332.0,104706.08,103586.0,103623.39,1023.7841
1750266000000,104426.93,104508.0,103615.33,104331.83,918.22252
1750262400000,104801.01,104836.64,104334.78,104426.93,509.29545
1750258800000,104619.87,104973.79,104150.13,104801.01,869.2412
1750255200000,104439.82,105325.83,104228.3,104619.88,1418.42072
1750251600000,104513.99,104550.92,103814.04,104439.81,1121.40671
1750248000000,104840.58,104908.49,104474.81,104514.0,615.40924
1750244400000,104266.18,104858.8,104192.46,104840.59,651.35695
1750240800000,104697.02,104797.06,104175.87,104266.19,531.68147
1750237200000,104949.91,105142.0,104565.0,104697.03,323.45218
1750233600000,104973.24,105310.62,104756.33,104949.9,393.96563
1750230000000,104966.19,105000.9,104713.24,104973.24,445.08193
1750226400000,105423.51,105527.88,104859.18,104966.2,578.89056
1750222800000,105447.53,105550.27,105375.05,105423.5,448.33108
1750219200000,105184.84,105504.67,105074.25,105447.39,286.6217
1750215600000,104856.06,105240.0,104849.13,105184.84,302.08543
1750212000000,104776.92,105099.99,104695.82,104856.06,299.75201
1750208400000,104842.78,105176.61,104680.0,104776.92,347.92348
1750204800000,104551.17,104857.14,104379.52,104842.78,396.62544
1750201200000,104228.31,104730.77,104228.31,104551.17,310.84641
1750197600000,104552.59,104731.61,104203.85,104228.31,339.43238
1750194000000,104362.39,104822.31,104252.33,104552.58,424.96971
1750190400000,104686.12,104898.81,104262.88,104362.39,631.39909
1750186800000,104414.84,105336.82,104414.83,104686.12,1030.66661
1750183200000,103814.0,104414.85,103626.05,104414.84,582.53411
1750179600000,103630.67,104250.0,103371.02,103814.01,1318.17143
1750176000000,104241.62,104484.97,103500.01,103630.67,1788.59454
1757372400000,112236.71,112305.03,111989.0,112065.23,290.44202
1757368800000,112326.45,112512.71,112210.91,112236.71,274.21823
1757365200000,111958.04,112331.32,111930.73,112326.45,273.5437
1757361600000,112097.31,112153.07,111896.0,111958.04,288.87626
1757358000000,112477.01,112477.01,111978.67,112097.31,430.27796
1757354400000,112214.41,112515.59,112184.97,112477.01,296.32443
1757350800000,112398.01,112531.6,112075.2,112214.4,461.27895
1757347200000,112631.74,112670.06,112293.18,112398.0,493.93324
1757343600000,112645.06,112924.37,112526.61,112631.75,614.9683
1757340000000,111906.56,112779.5,111888.0,112645.05,989.95574
1757336400000,112034.5,112370.3,111877.64,111906.55,1120.28751
1757332800000,112052.43,112153.9,111934.24,112034.51,293.01193
1757329200000,112048.0,112121.59,111754.31,112052.43,512.51734
1757325600000,112094.99,112186.98,111920.89,112048.0,648.82485
1757322000000,111684.26,112095.0,111591.06,112094.99,695.25367
1757318400000,111280.4,111910.48,111252.9,111684.25,867.092
1757314800000,111113.26,111609.04,111113.25,111280.39,665.8032
1757311200000,111027.15,111197.86,110917.45,111113.26,156.58167
1757307600000,110979.35,111061.05,110899.69,111027.16,189.25665
1757304000000,111052.11,111218.49,110929.3,110979.35,318.48361
1757300400000,111239.99,111349.24,111026.91,111052.11,431.56519
1757296800000,110890.58,111372.0,110621.78,111240.0,364.1088
1757293200000,110837.95,110994.58,110731.71,110890.57,352.25138
1757289600000,111137.35,111293.26,110733.71,110837.96,553.54548
1757286000000,111250.01,111600.0,111076.92,111137.34,334.55501
1757282400000,111050.14,111364.4,111001.45,111250.01,270.95197
1757278800000,111330.31,111330.31,111050.14,111050.14,82.99122
1757275200000,111259.99,111371.26,111147.25,111330.3,178.99404
1757271600000,111053.77,111293.99,111049.05,111259.99,169.95303
1757268000000,110962.84,111063.0,110861.2,111053.76,219.80123
1757264400000,111202.02,111237.86,110888.07,110962.83,326.82203
1757260800000,111329.99,111371.35,111152.15,111202.02,223.90897
1757257200000,111145.59,111373.43,111120.56,111329.99,168.21133
1757253600000,111214.63,111412.0,111059.57,111145.59,337.64277
1757250000000,111115.92,111231.6,111042.6,111214.62,159.77105
1757246400000,111292.12,111292.13,111073.17,111115.92,171.8987
1757242800000,111225.03,111292.13,111189.75,111292.13,231.70263
1757239200000,111115.99,111237.97,111041.87,111225.02,152.81384
1757235600000,111071.25,111248.2,110876.88,111115.98,305.63775
1757232000000,110753.41,111377.19,110720.01,111071.25,524.25884
1757228400000,110504.14,110911.42,110463.1,110753.42,373.02249
1757224800000,110649.45,110665.35,110472.33,110504.15,195.71662
1757221200000,110557.77,110699.0,110557.76,110649.44,163.57402
1757217600000,110629.15,110638.0,110489.96,110557.76,140.43398
1757214000000,110666.24,110733.12,110596.71,110629.15,191.54953
1757210400000,110546.66,110692.52,110444.43,110666.24,231.20078
1757206800000,110356.74,110587.86,110332.81,110546.66,251.76683
1757203200000,110187.98,110367.37,110180.0,110356.75,274.12078
1757199600000,110170.54,110282.82,110113.96,110187.97,144.86264
1757196000000,110200.99,110238.12,110074.95,110170.55,159.17265
1757192400000,110167.01,110215.03,110093.14,110201.0,168.43512
1757188800000,110038.42,110167.01,110034.44,110167.0,140.0902
1757185200000,110228.01,110260.0,110000.0,110038.41,151.53
1757181600000,110157.41,110285.65,110056.29,110228.0,160.96245
1757178000000,110267.99,110275.5,110000.0,110157.41,202.2087
1757174400000,110384.16,110402.0,109977.0,110267.99,876.95944
1757170800000,110807.78,110840.0,110358.11,110384.15,427.86502
1757167200000,110936.82,110999.83,110781.96,110807.77,144.7163
1757163600000,110832.59,110947.91,110822.0,110936.82,154.65819
1757160000000,110781.03,110898.7,110753.97,110832.58,158.76991
1757156400000,110773.62,110868.8,110675.58,110781.02,179.54833
1757152800000,110695.06,110804.62,110677.3,110773.62,157.49749
1757149200000,110952.77,110952.77,110693.86,110695.06,193.74674
1757145600000,110825.59,110968.0,110774.46,110952.76,91.10955
1757142000000,110752.84,110829.15,110750.64,110825.6,86.44213
1757138400000,110714.0,110817.11,110714.0,110752.83,96.24087
1757134800000,110876.12,110876.13,110687.69,110714.0,151.66886
1757131200000,111082.23,111082.23,110783.7,110876.12,353.6322
1757127600000,111216.14,111307.7,111000.12,111082.22,194.76496
1757124000000,110867.71,111216.25,110733.11,111216.15,184.10167
1757120400000,110779.7,110917.46,110744.08,110867.7,186.31454
1757116800000,110660.0,110833.32,110552.56,110779.7,235.00101
1757113200000,110800.01,110859.49,110594.79,110659.99,177.83549
1757109600000,110605.01,110917.46,110500.0,110800.0,278.07558
1757106000000,111630.31,111700.0,110375.6,110605.01,1465.95586
1757102400000,111614.54,111679.79,111299.98,111630.3,588.97794
1757098800000,111198.77,111627.51,111125.8,111614.54,636.35672
1757095200000,110608.19,111285.35,110569.43,111198.78,518.32708
1757091600000,110815.4,110815.4,110206.96,110608.18,561.64147
1757088000000,110716.82,110929.3,110537.99,110815.4,450.76892
1757084400000,110569.99,111017.8,110286.91,110716.82,1216.05211
1757080800000,113084.16,113084.16,110487.65,110569.99,3593.87866
1757077200000,113214.78,113310.01,112706.71,113084.16,2093.90932
1757073600000,112354.0,113384.62,112040.0,113214.78,2902.04978
1757070000000,112256.36,112439.36,112138.15,112354.0,270.50308
1757066400000,112303.87,112571.9,112191.4,112256.36,401.39645
1757062800000,112618.51,112619.98,112131.02,112303.87,672.38321
1757059200000,112954.32,112985.0,112605.37,112618.51,612.5461
1757055600000,111912.0,112999.0,111883.49,112954.32,1893.59984
1757052000000,111574.51,111914.53,111501.94,111911.99,435.99084
1757048400000,111445.0,111710.49,111407.57,111574.5,365.92368
1757044800000,111311.78,111468.2,111144.51,111445.0,785.66095
1757041200000,111340.64,111340.65,111096.67,111311.77,264.75507
1757037600000,111121.51,111482.09,111040.79,111340.65,606.85268
1757034000000,110451.63,111136.0,110451.63,111121.51,336.74632
1757030400000,110730.87,110929.3,110435.75,110451.62,457.22173
1757026800000,111490.74,111765.31,110605.72,110730.87,747.889
1757023200000,110500.01,111588.66,110484.95,111490.73,669.83836
1757019600000,110408.01,110545.44,110328.96,110500.0,176.70046
1757016000000,109800.0,110409.46,109755.59,110408.02,396.63364
1757012400000,109977.0,110113.19,109713.31,109799.99,367.8214
1757008800000,109786.48,110218.39,109699.15,109977.0,620.57193
1757005200000,109438.35,109914.01,109428.98,109786.48,495.50168
1757001600000,109510.32,109688.0,109363.26,109438.34,640.73994
1756998000000,109842.01,109862.94,109329.12,109510.31,916.17813
1756994400000,110463.99,110523.98,109705.48,109842.01,1107.22942
1756990800000,110933.94,110970.0,110217.13,110464.0,602.3513
1756987200000,110810.0,111123.99,110532.73,110933.94,432.19177
1756983600000,110628.86,111054.69,110546.48,110810.0,381.28687
1756980000000,110815.05,111154.93,110628.85,110628.86,318.57504
1756976400000,110640.96,110856.63,110640.96,110815.04,215.23378
1756972800000,110463.36,110858.6,110415.72,110640.97,335.90557
1756969200000,110393.95,110642.19,110343.72,110463.36,357.56088
1756965600000,110653.08,110729.0,110279.68,110393.95,439.75314
1756962000000,110917.46,110922.4,110569.36,110653.07,1163.68375
1756958400000,111148.97,111318.84,110917.45,110917.45,332.73027
1756954800000,111450.16,111728.57,111136.0,111148.97,529.86591
1756951200000,111947.48,111980.01,111406.79,111450.15,359.69532
1756947600000,112065.6,112080.0,111641.63,111947.48,251.77157
1756944000000,111705.72,112180.0,111619.86,112065.61,343.42623
1756940400000,111947.47,111980.0,111613.98,111705.71,359.07217
1756936800000,111989.68,112150.0,111839.86,111947.48,177.73464
1756933200000,112211.3,112250.0,111759.5,111989.67,182.28806
1756929600000,112193.74,112250.0,112052.1,112211.31,229.15863
1756926000000,112000.0,112252.33,111781.63,112193.74,312.61035
1756922400000,112312.64,112516.35,111800.0,112000.0,465.80305
1756918800000,111858.65,112575.27,111858.65,112312.64,574.69857
1756915200000,112222.73,112336.0,111686.24,111858.66,604.19676
1756911600000,112261.37,112376.7,111910.24,112222.74,766.67332
1756908000000,111475.08,112500.0,111118.43,112261.37,1480.6438
1756904400000,111112.0,111920.7,111065.56,111475.07,862.5714
1756900800000,111437.77,111858.57,111031.61,111112.0,440.11635
1756897200000,111450.0,111708.0,111388.24,111437.77,457.60494
1756893600000,111312.28,111491.74,111170.06,111449.99,377.12634
1756890000000,111019.99,111324.0,110889.29,111312.28,314.98009
1756886400000,111099.87,111279.48,110974.0,111019.99,365.12571
1756882800000,110724.0,111111.11,110528.71,111099.88,437.31572
1756879200000,110685.57,110879.89,110549.8,110724.0,505.96638
1756875600000,111020.68,111069.48,110666.0,110685.57,327.14961
1756872000000,111054.0,111151.99,110836.48,111020.68,269.26802
1756868400000,111372.0,111411.24,110892.14,111054.01,391.69818
1756864800000,111176.93,111484.05,111029.43,111372.0,424.89931
1756861200000,111339.98,111404.77,110901.06,111176.94,454.81663
1756857600000,111240.01,111782.21,111240.01,111339.98,992.20281
1756854000000,111260.0,111271.13,111017.79,111240.01,258.85129
1756850400000,111129.58,111260.0,110870.27,111259.99,374.87092
1756846800000,111418.49,111538.17,111129.57,111129.57,356.26128
1756843200000,110806.01,111419.18,110716.77,111418.49,585.42846
1756839600000,110646.47,110840.0,110441.42,110806.0,447.85722
1756836000000,110914.01,110945.3,110200.0,110646.47,506.68111
1756832400000,110785.85,111050.0,110628.85,110914.0,702.01172
1756828800000,110829.16,111119.58,110469.7,110785.85,928.68032
1756825200000,111360.0,111540.3,110628.85,110829.17,1065.05414
1756821600000,111149.99,111771.52,110780.61,111360.01,1925.30316
1756818000000,108796.0,111275.93,108733.88,111149.99,2481.2087
1756814400000,109733.33,109836.34,108393.39,108795.99,1297.32717
1756810800000,110246.0,110255.17,109563.87,109733.34,1017.54899
1756807200000,110450.56,110477.85,110128.13,110246.0,410.87869
1756803600000,110360.01,110699.58,110256.94,110450.56,476.55196
1756800000000,110233.91,110711.1,110052.27,110360.0,557.03627
1756796400000,110376.63,110400.0,110000.0,110233.92,504.4839
1756792800000,110209.33,110610.5,110173.96,110376.63,596.39606
1756789200000,110310.56,110337.06,110045.01,110209.32,359.35463
1756785600000,110322.19,110420.0,110143.62,110310.56,492.48149
1756782000000,110246.0,110623.97,110060.12,110322.18,916.19598
1756778400000,109313.0,110272.06,109171.78,110246.01,1081.14032
1756774800000,109040.36,109611.11,108993.0,109313.0,616.57671
1756771200000,109237.43,109337.64,108883.8,109040.36,552.10707
1756767600000,108444.96,109442.95,108428.45,109237.42,703.08997
1756764000000,107800.8,108500.04,107588.01,108444.96,517.76894
1756760400000,108877.39,108939.42,107459.49,107800.8,917.91242
1756756800000,109217.65,109217.65,108284.0,108877.38,873.53022
1756753200000,109240.0,109329.65,109160.27,109217.64,261.74926
1756749600000,108927.61,109267.22,108921.17,109240.0,346.10668
1756746000000,108774.23,108953.82,108391.3,108927.61,570.88854
1756742400000,108784.33,109096.0,108653.09,108774.23,374.40601
1756738800000,109146.59,109373.1,108566.0,108784.33,414.02255
1756735200000,109023.61,109332.28,108824.82,109146.6,490.85432
1756731600000,109108.27,109520.0,108936.44,109023.61,725.12306
1756728000000,108782.89,109165.47,108635.39,109108.27,636.3452
1756724400000,108571.42,108857.35,108464.0,108782.88,545.20367
1756720800000,109524.13,109535.32,108186.41,108571.41,948.82778
1756717200000,109590.0,109912.4,109485.57,109524.12,513.50327
1756713600000,109432.99,109820.02,109424.0,109590.0,1103.75653
1756710000000,108064.76,109432.99,107984.79,109432.99,1325.96108
1756706400000,107866.13,108128.0,107594.42,108064.75,384.59049
1756702800000,107409.09,107987.4,107255.0,107866.12,547.79285
1756699200000,107660.0,107759.99,107279.51,107409.1,645.82838
1756695600000,107617.05,107769.94,107393.0,107660.01,786.48643
1756692000000,108150.24,108197.67,107425.42,107617.05,869.81682
1756688400000,108222.37,108482.98,107968.09,108150.24,471.21562
1756684800000,108246.36,108406.18,107631.68,108222.37,1078.8221
1756681200000,108900.45,108917.36,108076.93,108246.35,697.48233
1756677600000,109037.3,109230.0,108758.37,108900.46,245.89578
1756674000000,109118.0,109118.0,108957.12,109037.29,156.22084
1756670400000,108930.0,109118.0,108880.0,109117.99,190.53944
1756666800000,109146.62,109167.84,108916.28,108930.0,160.04622
1756663200000,108993.88,109237.51,108927.5,109146.62,264.16429
1756659600000,108922.79,108993.88,108852.89,108993.87,242.1119
1756656000000,108818.69,108978.0,108555.0,108922.79,566.18074
1756652400000,108467.32,108858.43,108462.6,108818.69,646.54444
1756648800000,108418.02,108515.68,108255.43,108467.33,482.56215
1756645200000,108309.21,108451.45,108191.29,108418.02,675.04582
1756641600000,108389.77,108486.13,108307.69,108309.2,637.73664
1756638000000,108560.23,108597.19,108323.73,108389.76,388.6744
1756634400000,108507.68,108628.63,108303.21,108560.23,639.93429
1756630800000,109011.67,109100.0,108447.6,108507.68,344.54949
1756627200000,108708.25,109030.51,108708.25,109011.67,217.73644
1756623600000,108716.65,108829.17,108670.0,108708.26,259.88571
1756620000000,108756.85,108778.27,108523.49,108716.65,209.89685
1756616400000,108816.33,108816.33,108572.0,108756.85,297.82501
1756612800000,109223.84,109231.41,108666.93,108816.32,409.65172
1756609200000,109224.88,109378.93,109160.05,109223.84,304.7115
1756605600000,109429.02,109439.54,109171.97,109224.87,227.48673
1756602000000,109389.09,109480.02,109141.6,109429.01,456.69292
1756598400000,108816.33,109400.0,108801.35,109389.08,767.94031
1756594800000,108531.13,108816.34,108530.15,108816.33,286.89952
1756591200000,108588.67,108595.9,108468.77,108531.12,159.37321
1756587600000,108648.0,108682.81,108500.0,108588.67,162.11994
1756584000000,108828.32,108838.27,108580.93,108648.0,168.45642
1756580400000,108739.72,108900.0,108650.0,108828.33,118.59542
1756576800000,108784.71,108839.13,108629.28,108739.72,109.15999
1756573200000,108815.72,108898.17,108625.46,108784.71,163.33936
1756569600000,108869.98,108879.96,108665.63,108815.72,286.49152
1756566000000,108662.0,108926.15,108551.08,108869.98,346.17102
1756562400000,108531.14,108740.16,108408.84,108661.99,285.06574
1756558800000,108614.85,108614.86,108190.52,108531.14,552.78663
1756555200000,108680.01,108680.01,108333.0,108614.86,356.51633
1756551600000,108425.98,108714.35,108422.36,108680.01,411.74343
1756548000000,108517.63,108690.49,108400.0,108425.99,427.7596
1756544400000,108568.0,108604.82,108470.84,108517.63,290.0264
1756540800000,108524.26,108777.43,108488.0,108568.0,287.42447
1756537200000,108320.0,108524.26,108120.0,108524.26,694.47404
1756533600000,108347.2,108554.73,108209.35,108320.0,334.65645
1756530000000,108435.58,108480.71,108129.3,108347.2,569.67263
1756526400000,108436.21,108697.28,108372.95,108435.59,1453.52211
1756522800000,107782.01,108436.21,107769.48,108436.2,1148.16791
1756519200000,107447.97,107951.77,107384.0,107782.01,781.27336
1756515600000,108300.7,108350.0,107350.1,107447.97,702.48254
1756512000000,108377.4,108410.73,108139.49,108300.71,612.21355
1756508400000,108378.98,108549.99,108322.79,108377.4,257.31363
1756504800000,108450.0,108480.49,108207.79,108378.97,247.74076
1756501200000,107770.78,108470.75,107463.9,108450.01,644.62367
1756497600000,108212.01,108263.02,107506.0,107770.78,1863.41834
1756494000000,108145.4,108744.0,107934.24,108212.01,786.88663
1756490400000,108466.01,108500.0,108101.07,108145.4,328.44201
1756486800000,108705.68,108725.5,108155.73,108466.01,529.32413
1756483200000,108386.23,108832.0,108140.0,108705.67,960.99261
1756479600000,108198.66,108727.38,108188.39,108386.23,1766.75123
1756476000000,109106.14,109560.14,108103.0,108198.67,2371.46354
1756472400000,110728.01,110780.57,108900.0,109106.14,2037.27573
1756468800000,110098.81,111517.07,110070.73,110728.0,1553.7899
1756465200000,110008.0,110161.93,109835.29,110098.81,458.57754
1756461600000,109772.71,110028.0,109750.0,110008.01,414.17589
1756458000000,109628.02,109924.39,109414.18,109772.71,713.11845
1756454400000,110019.38,110270.3,109610.0,109628.02,1262.43838
1756450800000,111279.45,111279.45,109899.99,110019.38,1926.94513
1756447200000,111315.42,111401.06,110955.41,111279.45,1428.68924
1756443600000,111502.01,111583.13,111133.64,111315.42,508.83781
1756440000000,111704.24,111850.56,111420.87,111502.0,396.49962
1756436400000,111419.98,111823.19,111302.27,111704.23,409.42082
1756432800000,111486.0,111770.44,111361.35,111419.98,547.49956
1756429200000,112200.94,112271.38,111425.28,111486.0,719.46398
1756425600000,112566.9,112638.64,112129.13,112200.94,446.62185
1756422000000,112340.64,112575.98,112305.15,112566.9,320.3236
1756418400000,112025.07,112509.33,112025.06,112340.64,326.33504
1756414800000,111902.5,112133.65,111900.0,112025.07,225.0768
1756411200000,111901.36,112111.05,111872.06,111902.49,225.57171
1756407600000,112373.58,112575.84,111901.35,111901.36,402.6813
1756404000000,112388.0,112718.2,112230.76,112373.59,299.78379
1756400400000,112329.44,112617.86,112215.32,112387.99,544.60806
1756396800000,112678.53,113186.56,112329.44,112329.44,566.22384
1756393200000,113153.07,113250.0,112391.56,112678.53,723.11082
1756389600000,112832.75,113300.0,112528.15,113153.06,644.09235
1756386000000,113239.44,113485.9,112575.43,112832.0,1179.11716
1756382400000,112909.18,113340.01,112781.68,113239.44,542.61317
1756378800000,113127.53,113152.97,112850.0,112909.18,300.49745
1756375200000,112856.89,113127.53,112826.22,113127.53,342.86877
1756371600000,113128.49,113139.8,112850.4,112856.89,355.38489
1756368000000,113114.11,113351.51,113006.66,113128.49,420.29225
1756364400000,113213.79,113360.0,113005.92,113114.11,664.63681
1756360800000,112853.24,113284.41,112716.0,113213.78,337.92035
1756357200000,112965.89,113160.0,112702.13,112853.24,635.30026
1756353600000,112000.0,113082.48,111945.07,112965.9,844.0612
1756350000000,111499.99,112042.04,111408.0,112000.01,350.42111
1756346400000,111647.71,111761.58,111446.07,111500.0,198.00577
1756342800000,111338.93,111714.28,111334.89,111647.7,252.40621
1756339200000,111262.01,111535.09,110862.42,111338.92,402.94473
1756335600000,111409.54,111544.0,111102.28,111262.01,308.99737
1756332000000,111528.19,111610.06,111051.0,111409.54,421.42728
1756328400000,112419.08,112452.05,111368.15,111528.19,454.99512
1756324800000,112080.68,112419.09,110921.79,112419.07,1418.31926
1756321200000,111947.22,112212.06,111576.24,112080.69,491.86153
1756317600000,112345.3,112600.0,111928.0,111947.21,410.75955
1756314000000,112121.45,112444.1,111897.43,112345.29,386.39727
1756310400000,111999.99,112250.0,111541.23,112121.46,613.40717
1756306800000,111815.94,112084.43,111505.0,112000.0,784.98996
1756303200000,111487.24,112625.0,111283.97,111815.94,1276.25098
1756299600000,111344.43,111895.25,111019.02,111487.24,851.74843
1756296000000,111322.07,111397.74,111022.78,111344.42,397.11123
1756292400000,110975.12,111374.45,110975.11,111322.07,287.06641
1756288800000,110810.77,111267.7,110810.77,110975.12,336.60819
1756285200000,110756.0,111125.32,110720.06,110810.78,362.97245
1756281600000,110725.19,110837.77,110345.42,110756.01,607.62048
1756278000000,111040.1,111129.94,110622.5,110725.18,737.37791
1756274400000,111372.18,111372.19,111028.02,111040.09,326.53843
1756270800000,111570.81,111685.57,111337.85,111372.18,323.13251
1756267200000,111418.15,111737.26,111403.29,111570.81,422.75409
1756263600000,111135.37,111723.92,110918.26,111418.15,608.69015
1756260000000,111299.48,111480.0,111105.45,111135.37,474.9491
1756256400000,111356.38,111469.07,111092.8,111299.48,488.51561
1756252800000,111763.22,111825.16,111339.22,111356.37,600.11827
1756249200000,111910.0,112371.0,111737.38,111763.22,734.51247
1756245600000,111584.6,111945.69,111557.09,111910.01,610.79197
1756242000000,111321.57,111584.61,111113.67,111584.6,375.99082
1756238400000,111116.03,111380.03,110918.26,111321.58,705.40181
1756234800000,110695.58,111162.59,110501.57,111116.03,1102.76066
1756231200000,109988.07,110990.05,109966.64,110695.58,721.67701
1756227600000,110153.83,110205.68,109587.42,109988.07,788.03072
1756224000000,109666.34,110153.84,109450.0,110153.84,936.04216
1756220400000,110358.13,110561.76,109550.0,109666.33,1132.82225
1756216800000,110094.66,110552.86,109800.0,110358.13,1124.78296
1756213200000,110216.81,110265.31,109393.93,110094.66,1207.83119
1756209600000,109876.53,110818.6,109612.0,110216.81,1094.24871
1756206000000,110216.52,110224.09,109570.34,109876.52,661.84556
1756202400000,110152.9,110413.54,110064.12,110216.53,405.76551
1756198800000,110102.02,110413.54,110037.51,110152.89,335.89147
1756195200000,110303.2,110455.13,110000.0,110102.02,448.59912
1756191600000,109988.17,110547.31,109765.93,110303.2,613.97463
1756188000000,110196.0,110342.57,109900.0,109988.18,469.86809
1756184400000,110100.01,110375.58,110084.41,110196.01,359.69829
1756180800000,109879.57,110235.29,109879.57,110100.01,466.51131
1756177200000,109710.96,109927.99,109432.0,109879.56,400.12624
1756173600000,109897.21,110026.14,109505.04,109710.96,531.88497
1756170000000,109100.24,109910.68,108666.66,109897.2,1090.85402
1756166400000,110111.98,110111.98,108854.19,109100.23,2132.52683
1756162800000,110153.23,110267.55,109781.61,110111.98,666.91714
1756159200000,109888.01,110599.07,109888.0,110153.23,652.68653
1756155600000,109561.96,110280.5,109274.1,109888.01,1595.13661
1756152000000,110716.13,111092.54,109390.01,109561.96,4098.07281
1756148400000,112402.9,112430.16,110655.01,110716.13,1343.21864
1756144800000,112431.4,112618.89,112250.13,112402.9,310.54741
1756141200000,112502.43,112800.0,112159.0,112431.4,674.4052
1756137600000,112200.65,112937.26,112022.0,112502.43,781.23286
1756134000000,112260.01,112580.0,111828.24,112200.64,889.02271
1756130400000,111491.7,112307.69,111326.49,112260.0,1426.03051
1756126800000,111586.3,111754.82,110588.0,111491.69,1555.34009
1756123200000,111214.97,111682.49,111072.0,111586.31,722.92729
1756119600000,110984.04,111279.91,110929.48,111214.97,706.0609
1756116000000,111800.0,111806.99,110939.4,110984.03,1416.44599
1756112400000,111414.3,111850.13,111259.76,111800.01,626.80974
1756108800000,111511.56,111820.53,110991.28,111414.3,1278.94125
1756105200000,111929.87,112165.19,111284.05,111511.55,1689.81474
1756101600000,112310.0,112459.18,111756.6,111929.87,933.19436
1756098000000,112764.01,112863.24,112309.99,112310.0,808.04429
1756094400000,112916.84,113059.52,112611.78,112764.0,622.97182
1756090800000,113412.36,113667.28,112905.16,112916.84,549.60431
1756087200000,113066.95,113640.01,113066.94,113412.36,396.24817
1756083600000,112645.1,113140.06,112615.9,113066.94,541.53145
1756080000000,113493.59,113516.16,112159.0,112645.1,897.58897
1756076400000,113451.02,113692.97,113366.49,113493.59,643.70862
1756072800000,112988.4,113500.0,112614.42,113451.02,755.28007
1756069200000,112770.39,113406.8,112369.16,112988.39,854.85267
1756065600000,112600.0,112987.88,111632.85,112770.39,2003.01345
1756062000000,114626.96,114790.75,110680.0,112600.0,5318.65876
1756058400000,114423.43,114917.1,114301.22,114626.97,1232.99791
1756054800000,114275.0,114578.85,114236.0,114423.42,983.41055
1756051200000,114400.01,114541.93,114255.32,114275.0,786.95266
1756047600000,114514.05,114865.32,114400.0,114400.0,865.64985
1756044000000,114555.0,114657.0,114350.57,114514.05,816.73334
1756040400000,114673.8,114869.41,114555.0,114555.0,620.84833
1756036800000,114730.22,114846.4,114597.55,114673.81,358.78753
1756033200000,114790.4,114889.91,114620.13,114730.22,357.51883
1756029600000,114841.16,114956.66,114600.0,114790.4,479.49962
1756026000000,114838.02,115060.99,114668.0,114841.17,438.90856
1756022400000,114888.19,114979.55,114750.01,114838.02,947.55224
1756018800000,114862.4,115124.86,114855.64,114888.19,277.17773
1756015200000,114996.01,115062.77,114846.14,114862.4,395.26293
1756011600000,115174.3,115206.55,114930.65,114996.01,697.85001
1756008000000,115036.01,115283.21,115036.0,115174.3,345.39663
1756004400000,115005.15,115161.24,114934.21,115036.0,481.30687
1756000800000,115473.99,115666.68,115000.0,115005.15,401.41002
1755997200000,115375.36,115584.09,115196.0,115473.99,655.8074
1755993600000,115438.06,115549.44,115315.33,115375.35,457.40004
1755990000000,115317.86,115454.12,115244.7,115438.05,483.37937
1755986400000,115028.01,115317.86,115028.0,115317.85,117.57565
1755982800000,115325.81,115325.82,115001.88,115028.0,194.43314
1755979200000,115133.92,115325.82,115108.23,115325.81,181.19976
1755975600000,115145.77,115173.86,115051.32,115133.91,151.33399
1755972000000,115087.97,115190.74,115035.11,115145.77,178.18512
1755968400000,115020.0,115167.78,114947.46,115087.97,327.26623
1755964800000,114812.88,115097.92,114684.11,115020.0,448.76533
1755961200000,114621.48,114966.87,114560.0,114812.87,599.77984
1755957600000,114864.92,115081.59,114620.0,114621.47,1000.43667
1755954000000,115213.6,115213.6,114735.57,114864.92,981.86665
1755950400000,115310.13,115486.97,115175.48,115213.6,445.4785
1755946800000,115575.73,115616.63,115223.43,115310.13,371.09604
1755943200000,115765.81,115780.59,115575.72,115575.72,312.57302
1755939600000,115746.12,115782.03,115605.27,115765.82,288.64099
1755936000000,115799.46,115861.8,115607.46,115746.12,341.58386
1755932400000,115781.16,115928.0,115669.76,115799.47,453.28331
1755928800000,115954.51,116015.69,115690.83,115781.16,462.86069
1755925200000,115926.77,116034.53,115800.01,115954.51,806.27196
1755921600000,115568.77,115980.0,115551.2,115926.77,535.76766
1755918000000,115927.98,116044.55,115458.2,115568.77,504.34283
1755914400000,116453.59,116547.95,115500.0,115927.98,1195.36796
1755910800000,116870.22,116882.16,116300.0,116453.59,596.49295
1755907200000,116936.0,117030.0,116726.64,116870.22,351.38045
1755903600000,116757.18,116937.56,116674.51,116935.99,306.48652
1755900000000,117028.27,117057.14,116550.96,116757.18,585.72702
1755896400000,117052.65,117174.43,116829.34,117028.27,678.08593
1755892800000,116655.79,117127.44,116570.17,117052.65,545.695
1755889200000,116805.27,116914.3,116520.0,116655.79,529.51964
1755885600000,117024.01,117429.05,116750.0,116805.27,721.60524
1755882000000,116146.48,117032.84,116146.48,117024.0,1300.14206
1755878400000,116370.75,116783.22,116116.0,116146.47,1756.6795
1755874800000,115808.24,117296.12,115808.23,116370.75,2530.62921
1755871200000,112487.1,116116.11,112468.35,115808.23,6271.74223
1755867600000,112341.5,112662.27,111932.28,112487.11,1042.30053
1755864000000,112320.01,112713.93,111684.79,112341.5,1660.5893
1755860400000,112534.54,112629.4,112177.27,112320.0,511.03227
1755856800000,113049.67,113060.0,112512.74,112534.54,455.48522
1755853200000,112980.34,113128.0,112815.55,113049.67,517.13631
1755849600000,113094.83,113319.3,112950.0,112980.34,448.78194
1755846000000,112998.3,113250.0,112950.0,113094.83,625.49743
1755842400000,113241.98,113394.76,112844.0,112998.3,426.59054
1755838800000,112847.62,113285.59,112844.56,113241.99,333.83128
1755835200000,112929.24,113256.03,112708.81,112847.63,270.33795
1755831600000,113153.96,113441.45,112882.9,112929.24,293.95702
1755828000000,112840.08,113525.0,112784.68,113153.96,716.89343
1755824400000,112630.88,112924.37,112335.6,112840.08,331.54981
1755820800000,112500.0,112840.0,112489.42,112630.87,267.79499
1755817200000,112511.19,112511.2,112272.04,112500.0,226.47157
1755813600000,112628.75,112712.7,112425.35,112511.2,200.73506
1755810000000,112450.31,112734.51,112100.0,112628.76,337.37667
1755806400000,112193.71,112870.94,112067.46,112450.3,336.45252
1755802800000,112602.62,112724.74,112015.67,112193.71,569.08483
1755799200000,112410.92,112682.2,112224.67,112602.62,382.38194
1755795600000,112379.58,112596.9,112201.0,112410.91,737.11033
1755792000000,112792.08,112969.47,112333.33,112379.58,780.22707
1755788400000,113282.0,113386.31,112608.64,112792.08,930.0476
1755784800000,113486.98,113995.11,112913.39,113281.99,580.15894
1755781200000,113095.3,113713.56,113055.93,113486.98,624.69624
1755777600000,113148.65,113416.69,112950.0,113095.29,386.2075
1755774000000,113329.74,113542.47,113000.0,113148.66,428.12915
1755770400000,113376.85,113479.97,113230.0,113329.74,331.35097
1755766800000,113588.46,113616.58,113300.0,113376.85,413.40552
1755763200000,113896.03,113990.0,113588.45,113588.45,336.76542
1755759600000,113807.2,113944.74,113582.43,113896.03,530.41085
1755756000000,113995.12,113995.12,113609.88,113807.2,443.88446
1755752400000,113800.01,114010.83,113637.0,113995.12,344.63705
1755748800000,113954.62,114033.84,113800.0,113800.0,293.43085
1755745200000,114038.0,114531.29,113954.61,113954.62,316.2228
1755741600000,114729.93,114821.76,113906.01,114038.0,447.89489
1755738000000,114292.14,114736.0,113954.13,114729.94,432.98345
1755734400000,114271.23,114493.1,114010.87,114292.14,429.62667
1755730800000,114595.19,114608.77,114220.0,114271.24,315.21492
1755727200000,114356.24,114615.38,114206.89,114595.19,498.00131
1755723600000,114370.0,114476.13,114000.0,114356.24,372.36928
1755720000000,114276.66,114375.27,114000.0,114370.0,384.69129
1755716400000,113490.0,114337.31,113472.38,114276.66,601.00585
1755712800000,114197.54,114269.63,113264.01,113490.01,676.25877
1755709200000,113839.99,114444.0,113781.16,114197.53,577.51878
1755705600000,113353.94,114309.16,113278.49,113839.99,769.22274
1755702000000,113465.84,114326.35,113229.43,113353.94,1283.96286
1755698400000,112693.14,113854.34,112380.0,113465.84,1578.65617
1755694800000,113659.01,113659.01,112600.0,112693.15,1099.37126
1755691200000,113666.69,113944.0,113512.88,113659.01,643.44169
1755687600000,113792.19,113859.26,113060.08,113666.68,555.63081
1755684000000,113699.98,113869.5,113587.68,113792.2,310.8205
1755680400000,114010.0,114010.01,113628.65,113699.98,464.52912
1755676800000,113490.14,114016.77,113401.0,114010.0,1021.52601
1755673200000,113653.28,113837.93,113432.0,113490.13,426.40857
1755669600000,113707.99,113734.23,113500.0,113653.28,284.56575
1755666000000,113633.47,113767.44,113464.02,113708.0,305.42814
1755662400000,113525.9,113700.0,113460.29,113633.47,351.01236
1755658800000,113438.29,113636.13,113319.45,113525.91,591.80557
1755655200000,112996.93,113500.0,112944.68,113438.29,915.27403
1755651600000,113215.49,113413.23,112566.01,112996.93,1004.04056
1755648000000,112872.95,113320.0,112843.14,113215.5,605.5856
1755644400000,113174.42,113201.26,112732.58,112872.94,721.9943
1755640800000,113419.1,113440.43,113060.0,113174.42,1090.07931
1755637200000,113570.44,113589.48,113413.14,113419.11,316.99786
1755633600000,113132.49,113570.44,112927.82,113570.44,496.52563
1755630000000,113069.61,113552.03,112767.06,113132.48,850.664
1755626400000,113520.11,113520.11,112837.11,113069.61,889.38987
1755622800000,113388.31,113596.07,113107.07,113520.11,1084.66267
1755619200000,113786.39,113897.58,113346.28,113388.3,959.63398
1755615600000,113882.66,114177.58,113587.68,113786.38,1763.36303
1755612000000,115192.0,115378.82,113770.34,113882.66,2263.58751
1755608400000,115600.0,115875.84,114869.6,115192.0,928.5804
1755604800000,115508.71,115617.84,115282.7,115599.99,338.93222
1755601200000,115400.0,115650.0,115400.0,115508.71,296.0435
1755597600000,115322.69,115577.6,115317.92,115400.0,241.6168
1755594000000,115186.47,115488.27,115185.92,115322.7,443.60844
1755590400000,114978.15,115300.0,114804.0,115186.48,489.77403
1755586800000,115019.99,115056.0,114600.74,114978.14,724.50631
1755583200000,114972.9,115219.99,114914.26,115019.99,394.62483
1755579600000,115306.0,115483.24,114944.16,114972.9,406.89708
1755576000000,114810.01,115372.55,114366.0,115305.99,973.09499
1755572400000,115747.09,115771.98,114787.23,114810.0,987.54165
1755568800000,115798.0,116051.0,115635.63,115747.08,344.75966
1755565200000,116563.12,116725.69,115710.03,115798.0,461.06933
1755561600000,116227.05,116563.55,115516.82,116563.13,597.52684
1755558000000,116400.0,116564.38,116089.0,116227.05,317.80966
1755554400000,116649.0,116980.0,116394.12,116399.99,316.21157
1755550800000,116407.99,116675.67,116403.76,116648.99,230.40574
1755547200000,116314.0,116529.5,115980.32,116407.99,349.12342
1755543600000,116481.8,116639.35,116204.0,116313.99,281.74931
1755540000000,116428.98,116579.16,116238.71,116481.81,239.93978
1755536400000,115962.24,116800.0,115962.23,116428.99,713.09082
1755532800000,116145.34,116350.0,115818.86,115962.24,496.59282
1755529200000,115633.72,116186.97,115402.0,116145.34,796.23484
1755525600000,114839.14,115633.73,114839.14,115633.73,673.6191
1755522000000,115520.0,115736.54,114825.0,114839.13,824.85948
1755518400000,114947.27,115520.0,114902.94,115519.99,477.46603
1755514800000,115058.58,115127.54,114860.62,114947.27,397.98648
1755511200000,115038.46,115261.69,114985.0,115058.58,567.82403
1755507600000,115135.43,115135.44,114640.14,115038.46,1245.97423
1755504000000,115205.99,115402.51,115068.58,115135.43,582.2051
1755500400000,115245.56,115477.2,115186.56,115205.98,798.13334
1755496800000,115687.99,115712.49,114878.71,115245.56,1274.28433
1755493200000,115469.52,115688.0,115000.0,115687.99,763.17629
1755489600000,115319.0,115533.89,115079.91,115469.51,597.83019
1755486000000,115452.0,115636.89,115000.0,115319.0,1253.98009
1755482400000,116269.53,116339.61,115292.67,115453.24,2015.07156
1755478800000,117290.2,117409.87,116166.03,116269.54,1892.28591
1755475200000,117405.01,117543.75,117020.0,117290.19,640.08542
1755471600000,117955.0,117978.42,117371.65,117405.01,232.44464
1755468000000,117700.01,117995.37,117688.5,117954.99,232.19191
1755464400000,117599.44,117781.38,117599.43,117700.0,104.468
1755460800000,117570.07,117749.32,117508.49,117599.44,141.19933
1755457200000,117542.01,117749.12,117468.0,117570.07,264.4763
1755453600000,117900.01,117947.98,117321.53,117542.01,360.32583
1755450000000,117834.55,117934.82,117645.04,117900.0,212.98829
1755446400000,118246.15,118316.01,117700.7,117834.56,488.38516
1755442800000,118150.01,118263.9,118137.25,118246.16,204.82807
1755439200000,118429.99,118473.66,118150.0,118150.01,189.61777
1755435600000,118162.61,118575.0,118059.12,118429.99,396.26094
1755432000000,118308.0,118356.62,118134.51,118162.6,183.56593
1755428400000,118393.34,118393.35,118270.8,118308.01,169.29272
1755424800000,118345.99,118393.35,118190.0,118393.34,170.26339
1755421200000,118366.05,118484.0,118235.0,118345.99,330.30362
1755417600000,118005.98,118399.99,117922.0,118366.06,337.81576
1755414000000,117924.0,118030.15,117843.74,118005.98,207.89215
1755410400000,118000.0,118118.0,117905.37,117923.99,232.28871
1755406800000,118076.12,118230.82,118000.0,118000.01,296.61443
1755403200000,117684.96,118187.28,117684.95,118076.11,372.88806
1755399600000,117606.0,117771.37,117505.93,117684.95,209.36889
1755396000000,117439.97,117624.55,117381.39,117606.0,157.36164
1755392400000,117255.18,117491.44,117172.21,117439.97,244.13312
1755388800000,117380.66,117419.45,117255.18,117255.19,159.66726
1755385200000,117460.57,117475.07,117278.23,117380.66,198.79271
1755381600000,117452.21,117552.0,117219.34,117460.56,325.20777
1755378000000,117655.41,117655.42,117433.33,117452.21,152.99321
1755374400000,117672.13,117713.51,117522.01,117655.41,155.93762
1755370800000,117685.78,117771.4,117652.92,117672.12,133.77621
1755367200000,117692.99,117757.06,117629.94,117685.79,112.36973
1755363600000,117747.64,117747.65,117651.72,117693.0,181.46105
1755360000000,117676.7,117817.65,117676.7,117747.65,389.81984
1755356400000,117771.4,117825.0,117621.1,117676.7,224.96201
1755352800000,117623.53,117771.4,117550.0,117771.39,253.05868
1755349200000,117747.35,117799.99,117582.29,117623.52,365.37584
1755345600000,117378.52,117747.36,117327.63,117747.36,348.10374
1755342000000,117387.99,117540.0,117350.12,117378.52,192.74721
1755338400000,117312.0,117447.05,117143.98,117388.0,524.83945
1755334800000,117631.09,117703.92,117306.0,117312.0,303.36694
1755331200000,117596.07,117677.06,117501.16,117631.09,185.0877
1755327600000,117394.64,117674.77,117344.69,117596.07,240.659
1755324000000,117595.78,117635.42,117278.0,117394.65,260.53589
1755320400000,117815.66,117852.25,117522.7,117595.78,201.54892
1755316800000,117429.63,117884.0,117419.44,117815.66,222.51215
1755313200000,117505.52,117657.97,117389.56,117429.63,217.17429
1755309600000,117821.61,117821.61,117440.74,117505.51,307.50607
1755306000000,117735.2,117898.99,117626.31,117821.6,349.62497
1755302400000,117342.04,117781.99,117231.14,117735.21,546.22017
1755298800000,117701.99,117761.88,117036.53,117342.05,462.67467
1755295200000,117320.01,117738.57,117302.65,117702.0,374.66043
1755291600000,117280.01,117350.0,117000.0,117320.02,268.99006
1755288000000,116936.28,117323.47,116862.5,117280.0,248.37175
1755284400000,117159.65,117412.82,116866.0,116936.27,440.85496
1755280800000,117586.92,117662.41,117028.98,117159.66,333.40859
1755277200000,117353.36,117882.35,117000.0,117586.92,862.91559
1755273600000,117275.23,117418.49,116803.99,117353.36,756.28175
1755270000000,117400.0,117588.68,116827.29,117275.22,2002.13351
1755266400000,117770.47,118274.0,117260.0,117400.0,1176.80402
1755262800000,118648.66,118738.0,117743.21,117770.48,1302.10489
1755259200000,119006.01,119130.77,118510.0,118648.66,647.85118
1755255600000,118879.82,119121.31,118879.82,119006.01,294.77719
1755252000000,118708.0,119026.53,118708.0,118879.83,283.78706
1755248400000,118878.72,119058.94,118600.0,118707.99,299.88114
1755244800000,118956.45,119144.5,118878.71,118878.72,251.38068
1755241200000,119082.83,119100.0,118758.8,118956.45,462.50496
1755237600000,118984.29,119216.82,118866.01,119082.82,411.99414
1755234000000,118833.04,119000.0,118629.58,118984.29,360.89875
1755230400000,118968.91,119199.2,118770.0,118833.03,497.50906
1755226800000,118698.0,119077.71,118604.41,118968.91,472.64683
1755223200000,118681.63,118888.0,118584.2,118698.0,549.41556
1755219600000,118181.98,118736.0,118032.32,118681.64,473.85001
1755216000000,118295.09,118473.18,118032.94,118181.97,387.64196
1755212400000,118285.47,118516.81,118239.68,118295.09,442.73026
1755208800000,117899.16,118349.01,117641.4,118285.46,363.07143
1755205200000,117866.16,118199.99,117302.33,117899.16,723.48169
1755201600000,117945.92,118146.55,117724.37,117866.16,595.56886
1755198000000,118089.75,118535.0,117920.0,117945.92,688.76991
1755194400000,117920.14,118214.78,117180.0,118089.75,713.71597
1755190800000,117866.42,118146.48,117500.0,117920.13,636.71884
1755187200000,118257.26,118257.26,117407.09,117866.42,1506.20052
1755183600000,118799.02,118899.64,117879.87,118257.25,1451.88156
1755180000000,118428.86,119361.45,118008.32,118799.01,1837.14675
1755176400000,118866.37,119249.2,117727.73,118428.85,3271.5732
1755172800000,120949.66,121183.06,117632.0,118866.37,5056.4661
1755169200000,120932.99,121031.31,120694.0,120949.67,752.73621
1755165600000,121649.84,121772.9,120757.01,120933.0,1133.31236
1755162000000,121637.78,121918.8,121528.55,121649.84,613.30308
1755158400000,121725.31,122045.9,121560.83,121637.78,956.93709
1755154800000,121771.27,122047.79,121538.28,121725.31,887.06699
1755151200000,122134.76,122134.76,121313.86,121771.27,1465.18702
1755147600000,123003.17,123123.6,122080.0,122134.76,832.10482
1755144000000,123337.14,123428.6,123001.46,123003.17,571.29861
1755140400000,123662.53,123849.98,123295.21,123337.14,484.6554
1755136800000,123337.66,123689.98,123250.5,123662.53,671.89713
1755133200000,123847.82,123946.46,123337.66,123337.67,661.07211
1755129600000,123306.44,124474.0,123251.9,123847.83,1664.051676
1755126000000,122954.03,123667.79,122907.05,123306.43,618.58221
1755122400000,122561.17,123637.68,122561.16,122954.03,1390.69414
1755118800000,122904.01,123000.0,122298.2,122561.16,1066.42754
1755115200000,122744.22,122973.0,122464.34,122904.01,839.50398
1755111600000,121639.19,122839.47,121524.27,122744.21,1637.04367
1755108000000,121823.25,121954.51,121429.36,121639.2,891.23926
1755104400000,121421.77,121887.53,121421.76,121823.24,934.90387
1755100800000,120920.61,121721.3,120920.61,121421.77,704.71477
1755097200000,120890.74,121343.06,120309.73,120920.62,1452.01051
1755093600000,121767.97,122200.0,120759.37,120890.73,2480.0002
1755090000000,120273.72,122051.99,120106.02,121767.97,2385.47998
1755086400000,120570.41,120686.0,120209.51,120273.72,911.18128
1755082800000,120496.0,120732.94,120432.21,120570.41,732.08488
1755079200000,120116.02,120496.0,120047.58,120496.0,931.34391
1755075600000,120044.5,120169.76,119771.88,120116.02,675.01444
1755072000000,119580.4,120044.5,119446.22,120044.49,874.74205
1755068400000,119410.01,119638.55,119290.01,119580.4,528.96933
1755064800000,119070.68,119416.22,118955.99,119410.01,373.05315
1755061200000,119335.01,119673.28,118920.92,119070.69,727.82442
1755057600000,119482.01,119820.18,119328.12,119335.01,694.25608
1755054000000,119549.37,119630.57,119306.89,119482.01,656.1991
1755050400000,119478.47,119729.99,119094.28,119549.37,638.50499
1755046800000,119713.19,119716.24,119337.67,119478.47,550.66677
1755043200000,120134.09,120192.1,119636.0,119713.19,515.63049
1755039600000,120100.0,120299.99,119925.47,120134.08,460.06709
1755036000000,119903.36,120100.0,119650.0,120099.99,428.42505
1755032400000,120192.09,120202.21,119792.5,119903.36,393.93368
1755028800000,119665.27,120324.43,119485.84,120192.1,838.15928
1755025200000,119345.07,119958.05,119309.08,119665.27,359.09127
1755021600000,119270.0,120073.01,119267.0,119344.9,537.1305
1755018000000,119647.69,119857.04,119172.62,119269.99,649.26235
1755014400000,119933.0,120192.1,119525.0,119647.7,763.58705
1755010800000,119437.12,119960.0,119320.0,119933.0,900.84426
1755007200000,118847.35,119437.12,118764.36,119437.12,607.50451
1755003600000,119264.66,119712.6,118631.69,118847.35,1772.02738
1755000000000,118522.22,119264.66,118285.0,119264.66,1633.67826
1754996400000,118449.99,118662.9,118222.0,118522.22,323.35879
1754992800000,118408.38,118662.9,118207.47,118449.99,569.79019
1754989200000,118814.71,118893.29,118400.01,118408.38,737.95535
1754985600000,118986.73,119058.43,118740.0,118814.7,715.27467
1754982000000,118839.97,119150.0,118839.97,118986.72,719.50636
1754978400000,118820.0,119032.0,118607.85,118839.97,1210.70965
1754974800000,119067.97,119067.97,118424.86,118819.99,836.98015
1754971200000,118857.7,119158.06,118804.75,119067.97,368.18781
1754967600000,119054.14,119120.0,118749.06,118857.7,471.63372
1754964000000,118977.09,119275.46,118834.51,119054.13,399.30726
1754960400000,118949.31,119108.06,118767.54,118977.1,413.93961
1754956800000,118686.0,119021.77,118593.39,118949.31,609.75469
1754953200000,118886.97,118889.0,118588.78,118686.0,292.92347
1754949600000,118712.61,118906.41,118280.71,118886.96,629.34656
1754946000000,118824.33,119172.63,118050.11,118712.61,847.50979
1754942400000,119089.3,119093.0,118565.69,118824.34,553.02173
1754938800000,119773.92,119785.72,118604.17,119089.3,830.32085
1754935200000,119500.01,119870.2,119261.57,119773.92,530.7427
1754931600000,119953.65,120150.0,119461.97,119500.0,536.23147
1754928000000,120314.4,120794.05,119920.0,119953.65,915.6277
1754924400000,120243.6,120408.01,119843.18,120314.4,808.13955
1754920800000,120009.99,120586.54,119809.06,120243.59,1235.12815
1754917200000,119643.7,120328.93,119382.91,120010.0,1453.53759
1754913600000,120561.53,120667.54,119536.75,119643.7,1739.45694
1754910000000,121184.84,121283.29,120286.4,120561.54,1708.36029
1754906400000,121439.75,121455.02,120954.13,121184.84,824.81128
1754902800000,121679.13,121704.78,121080.0,121439.75,793.97438
1754899200000,121537.14,121823.0,121207.34,121679.13,889.12137
1754895600000,122300.64,122313.0,121466.08,121537.15,1158.35871
1754892000000,122059.34,122332.98,121954.79,122300.63,842.9397
1754888400000,122080.0,122335.16,121823.24,122059.34,960.5403
1754884800000,121729.0,122175.88,121623.14,122080.0,1318.04919
1754881200000,121875.99,122164.07,121559.11,121728.99,1733.48981
1754877600000,119988.0,121894.64,119937.59,121876.0,3889.63895
1754874000000,119126.35,119999.0,118972.59,119988.0,1217.33398
1754870400000,119294.27,119500.0,119104.17,119126.35,785.72983
1754866800000,119084.93,119311.11,118861.16,119294.01,752.97788
1754863200000,118716.9,119084.93,118615.44,119084.92,563.5175
1754859600000,118323.0,118716.91,118092.0,118716.9,598.54997
1754856000000,118663.09,118765.71,118074.99,118323.16,759.54759
1754852400000,118554.01,118714.28,118462.29,118663.08,219.78592
1754848800000,118520.33,118611.91,118433.8,118554.01,143.03169
1754845200000,118671.75,118693.02,118453.48,118520.32,230.15923
1754841600000,118815.0,118944.24,118623.14,118671.74,402.88128
1754838000000,118778.99,119113.94,118568.07,118815.0,1046.79677
1754834400000,118451.99,118850.0,118308.02,118779.0,740.25126
1754830800000,118514.0,118683.87,118370.39,118452.0,392.64786
1754827200000,118330.58,118737.26,118232.0,118514.0,629.53171
1754823600000,118020.01,118500.0,117940.0,118330.58,429.47265
1754820000000,118293.09,118293.45,117998.9,118020.0,328.37693
1754816400000,118308.86,118441.48,118110.64,118293.08,372.51661
1754812800000,117808.29,118400.0,117608.01,118308.85,375.95884
1754809200000,118074.24,118238.87,117466.34,117808.3,576.94555
1754805600000,118045.0,118161.05,117743.44,118074.24,319.46299
1754802000000,118485.45,118511.0,117902.62,118045.0,566.81947
1754798400000,118500.0,118741.77,118380.0,118485.45,980.85579
1754794800000,117317.99,118500.0,117250.41,118500.0,2748.2157
1754791200000,116576.42,117318.0,116576.41,117317.99,579.74957
1754787600000,116749.46,116776.59,116539.99,116576.42,275.18169
1754784000000,116462.25,116759.08,116460.63,116749.47,289.53628
1754780400000,116541.62,116590.0,116436.15,116462.25,161.12374
1754776800000,116524.09,116742.28,116500.0,116541.63,406.75315
1754773200000,116778.07,116794.4,116359.89,116524.09,452.45503
1754769600000,116535.68,117021.16,116504.53,116778.07,562.07841
1754766000000,116634.91,116721.74,116500.0,116535.69,435.14207
1754762400000,116670.22,116720.96,116555.02,116634.91,227.07359
1754758800000,116648.51,116782.46,116619.77,116670.22,252.00135
1754755200000,116892.48,116947.16,116642.67,116648.51,288.56338
1754751600000,116972.87,117132.75,116700.01,116892.47,417.89197
1754748000000,116968.32,117000.0,116748.2,116972.87,357.09924
1754744400000,117116.65,117154.15,116878.68,116968.32,306.03785
1754740800000,117110.0,117238.04,117010.0,117116.64,301.63531
1754737200000,117424.16,117471.73,117082.43,117110.0,337.61342
1754733600000,117510.88,117944.05,117382.27,117424.16,867.64459
1754730000000,117106.66,117510.88,117045.54,117510.87,774.92238
1754726400000,116756.0,117181.0,116756.0,117106.65,373.19101
1754722800000,116650.75,116902.22,116633.88,116756.01,242.70175
1754719200000,116739.23,116756.24,116532.77,116650.75,388.30445
1754715600000,116434.77,116980.0,116418.0,116739.23,1012.58137
1754712000000,116384.01,116675.99,116339.45,116434.76,377.42502
1754708400000,116404.0,116482.28,116299.13,116384.01,482.04648
1754704800000,116563.26,116563.26,116400.0,116404.0,173.10957
1754701200000,116586.0,116650.01,116521.38,116563.26,163.11531
1754697600000,116674.74,116750.0,116577.72,116586.0,153.621
1754694000000,116888.9,116917.74,116657.26,116674.74,137.56292
1754690400000,116931.43,116980.0,116752.05,116888.9,210.4007
1754686800000,116888.52,116979.95,116755.53,116931.44,257.90138
1754683200000,116453.41,116900.0,116319.06,116888.52,248.65741
1754679600000,116497.99,116716.26,116337.91,116453.41,324.29021
1754676000000,116708.86,116900.0,116336.0,116497.99,571.6669
1754672400000,116193.63,116708.86,116161.11,116708.86,450.81243
1754668800000,116207.7,116364.82,116006.14,116193.63,344.02759
1754665200000,116491.53,116538.94,115878.71,116207.69,909.09971
1754661600000,116917.98,117271.73,116381.32,116491.53,725.75392
1754658000000,116500.49,116945.63,116499.43,116917.97,612.94206
1754654400000,116891.51,116891.52,116492.45,116500.48,293.02279
1754650800000,116544.39,116899.78,116544.39,116891.51,210.49123
1754647200000,116685.17,116714.46,116317.08,116544.39,331.86082
1754643600000,116620.63,116726.88,116481.44,116685.17,231.14843
1754640000000,116817.2,116914.6,116449.51,116620.63,335.47963
1754636400000,116740.01,116973.3,116557.54,116817.19,447.58601
1754632800000,116530.64,116763.44,116401.0,116740.01,336.4827
1754629200000,116750.01,116750.01,116505.0,116530.63,346.36157
1754625600000,116737.34,116869.49,116666.0,116750.01,325.84463
1754622000000,116700.0,116980.0,116699.6,116737.35,607.75417
1754618400000,116888.01,116923.21,116694.28,116700.0,320.47308
1754614800000,117264.11,117264.12,116786.43,116888.02,659.33735
1754611200000,117472.02,117630.0,116870.21,117264.12,806.35514
1754607600000,117554.23,117579.98,117292.88,117472.01,278.79062
1754604000000,117105.77,117621.0,117079.39,117554.23,676.81999
1754600400000,117182.19,117354.21,117012.0,117105.78,337.78727
1754596800000,117461.99,117496.05,117140.32,117182.19,510.82309
1754593200000,116561.05,117520.0,116488.0,117461.98,1040.61628
1754589600000,116511.55,116573.36,116123.72,116561.05,422.06821
1754586000000,116259.24,116560.0,116120.0,116511.54,505.06396
1754582400000,116689.8,116748.66,115632.31,116259.24,767.87711
1754578800000,116363.16,116791.11,116240.0,116689.81,487.19639
1754575200000,116640.01,116680.0,116204.32,116363.16,793.48345
1754571600000,116390.01,116741.05,116200.0,116640.0,668.99023
1754568000000,116519.54,116588.02,116035.84,116390.0,797.0617
1754564400000,116347.23,116828.93,116347.23,116519.53,1265.855
1754560800000,115062.19,116430.01,115038.06,116347.22,1912.68886
1754557200000,114948.74,115077.37,114844.78,115062.19,216.94309
1754553600000,114787.99,115179.99,114787.98,114948.74,302.6219
1754550000000,114650.01,114876.79,114640.03,114787.99,229.36946
1754546400000,114568.74,114784.0,114511.96,114650.01,387.25216
1754542800000,114349.58,114568.74,114278.02,114568.73,404.27424
1754539200000,114546.03,114648.0,114259.0,114349.58,270.06529
1754535600000,114564.76,114624.3,114404.7,114546.03,172.73916
1754532000000,114763.47,114859.0,114404.22,114565.28,452.19409
1754528400000,114890.66,115185.58,114580.53,114763.46,404.60721
1754524800000,114992.27,115015.82,114856.15,114890.65,163.37387
1754521200000,115106.66,115122.34,114963.2,114992.27,183.21657
1754517600000,115048.77,115210.95,115039.14,115106.67,165.26512
1754514000000,115045.65,115221.14,114793.01,115048.78,185.66057
1754510400000,115260.0,115260.0,114987.68,115045.64,210.50571
1754506800000,115423.23,115525.48,115118.8,115259.99,213.24559
1754503200000,115500.0,115716.0,115301.27,115423.22,479.34282
1754499600000,115132.49,115514.28,115024.0,115500.0,392.98209
1754496000000,115413.87,115477.06,114942.18,115132.49,642.38859
1754492400000,115187.96,115515.09,114832.38,115413.87,1490.7463
1754488800000,114270.09,115200.0,113869.88,115187.96,1041.66895
1754485200000,113914.31,114390.88,113579.9,114270.09,671.195
1754481600000,114226.68,114333.59,113809.02,113914.31,306.06988
1754478000000,114067.2,114404.23,114007.85,114226.69,220.99495
1754474400000,114093.15,114226.69,113899.2,114067.2,335.97303
1754470800000,113948.23,114368.31,113906.96,114093.15,340.97337
1754467200000,114227.9,114250.0,113727.57,113948.22,382.35629
1754463600000,114084.92,114300.0,114019.66,114227.91,319.69253
1754460000000,114148.01,114200.0,113933.23,114084.93,265.65128
1754456400000,113429.21,114417.02,113384.81,114148.01,602.70557
1754452800000,113509.98,113582.71,113355.13,113429.21,248.98133
1754449200000,113623.23,113658.13,113400.0,113509.97,266.89492
1754445600000,113820.77,113833.88,113491.76,113623.22,206.78627
1754442000000,113879.69,113945.14,113588.77,113821.21,292.50885
1754438400000,114129.75,114139.38,113748.67,113879.7,295.3476
1754434800000,113961.25,114228.88,113918.4,114129.75,205.63896
1754431200000,113606.52,113989.4,113304.0,113961.25,268.24607
1754427600000,113690.71,113862.45,113569.07,113606.53,183.41893
1754424000000,113616.51,113989.97,113494.47,113690.71,242.46818
1754420400000,113644.72,113763.27,113407.35,113616.52,256.1101
1754416800000,113640.01,113653.93,113261.79,113644.71,313.62971
1754413200000,113175.73,113661.96,113096.0,113640.01,359.20465
1754409600000,112934.0,113367.31,112815.68,113175.73,505.57628
1754406000000,113037.12,113249.11,112692.3,112934.0,894.1622
1754402400000,114380.75,114386.37,112650.0,113037.12,2125.43779
1754398800000,113937.35,114573.17,113868.0,114381.43,634.93972
1754395200000,114827.07,114893.13,113500.01,113937.35,935.92869
1754391600000,114841.28,114972.0,114750.0,114827.07,212.26183
1754388000000,114694.76,115096.73,114586.73,114841.27,438.67573
1754384400000,114281.09,114792.72,114281.08,114694.76,482.30599
1754380800000,113969.7,114540.0,113928.87,114281.09,460.31877
1754377200000,114178.64,114395.3,113725.72,113969.7,820.50191
1754373600000,114406.0,114500.66,114105.71,114178.63,389.84213
1754370000000,114338.07,114487.25,114239.87,114405.99,337.63342
1754366400000,114256.85,114426.65,114149.95,114338.06,577.56577
1754362800000,114719.27,114737.82,114256.85,114256.85,503.68849
1754359200000,114708.11,114827.79,114614.94,114719.27,238.27103
1754355600000,114886.97,115046.68,114695.18,114708.11,309.55292
1754352000000,115055.03,115127.81,114840.0,114886.96,347.41151
1754348400000,115325.88,115340.0,115046.67,115055.03,185.05673
1754344800000,115111.09,115325.88,115086.72,115325.88,225.85251
1754341200000,114811.95,115258.62,114810.75,115111.09,229.85173
1754337600000,114777.62,115076.34,114616.33,114811.96,363.41688
1754334000000,114957.63,115134.46,114732.65,114777.62,385.27982
1754330400000,115193.41,115312.76,114913.88,114957.64,298.66935
1754326800000,115301.0,115720.0,115148.08,115193.41,546.48208
1754323200000,114826.01,115405.22,114826.0,115301.0,612.68493
1754319600000,114736.78,115022.97,114560.33,114826.0,437.62587
1754316000000,114913.89,115466.0,114652.96,114736.78,1386.32387
1754312400000,114444.36,114913.89,114121.0,114913.88,839.66562
1754308800000,114493.09,114535.48,114327.95,114444.36,221.8459
1754305200000,114251.83,114517.55,114217.97,114493.09,234.25413
1754301600000,114325.92,114506.16,114234.58,114251.83,264.56078
1754298000000,114546.25,114744.2,114302.29,114325.92,278.67574
1754294400000,114652.98,114750.0,114360.99,114546.25,411.15429
1754290800000,114423.77,114778.5,114402.45,114652.97,355.14904
1754287200000,114391.26,114482.49,114148.58,114423.76,331.16254
1754283600000,114383.54,114418.75,114188.0,114391.26,265.57526
1754280000000,114570.61,114653.51,114345.74,114383.55,269.38623
1754276400000,114797.9,114799.0,114527.73,114570.61,242.02073
1754272800000,114671.96,114877.98,114418.68,114797.9,351.22547
1754269200000,114899.86,115000.0,114620.14,114671.96,423.44241
1754265600000,114208.81,114914.29,114107.6,114899.87,508.31725
1754262000000,114324.84,114500.0,114176.0,114208.8,218.11723
1754258400000,114435.46,114612.24,114066.56,114324.83,237.81327
1754254800000,114423.77,114521.68,114363.46,114435.47,223.44858
1754251200000,114313.19,114467.0,114163.49,114423.77,200.81959
1754247600000,114380.41,114799.97,114259.95,114313.19,447.69931
1754244000000,114117.42,114460.15,114060.36,114380.4,361.64858
1754240400000,113995.15,114165.09,113953.97,114117.42,198.95641
1754236800000,113959.06,114026.82,113775.55,113995.16,246.66079
1754233200000,113792.29,113966.0,113674.05,113959.06,216.51596
1754229600000,113939.0,114065.54,113579.69,113792.28,320.16676
1754226000000,114010.0,114095.35,113803.0,113939.0,257.53926
1754222400000,113862.19,114098.45,113656.4,114009.99,337.34488
1754218800000,113899.99,114260.31,113861.18,113862.18,562.11642
1754215200000,113654.95,113900.0,113654.94,113899.99,181.60816
1754211600000,113692.01,113710.51,113630.3,113654.95,234.09945
1754208000000,113700.0,113790.0,113551.0,113692.0,282.38474
1754204400000,113559.34,113720.16,113559.34,113700.0,175.31963
1754200800000,113618.52,113636.5,113472.54,113559.34,147.54012
1754197200000,113468.41,113659.0,113408.22,113618.52,203.79543
1754193600000,113604.2,113604.2,113341.06,113468.41,237.62179
1754190000000,113517.58,113740.69,113419.45,113604.2,353.06632
1754186400000,113107.99,113517.58,113100.0,113517.58,450.43769
1754182800000,112956.04,113269.92,112841.46,113107.99,481.50444
1754179200000,112546.35,112992.27,111920.0,112956.04,821.53565
1754175600000,112862.14,112873.83,112280.86,112546.35,726.46606
1754172000000,112859.32,113011.63,112555.0,112862.14,295.9162
1754168400000,112780.0,113058.82,112562.02,112859.32,390.78856
1754164800000,112229.42,112780.0,112069.86,112780.0,524.00327
1754161200000,112327.65,112945.62,112003.0,112229.42,1007.67252
1754157600000,112724.04,112920.0,112099.22,112327.65,1222.82947
1754154000000,113200.25,113420.0,112584.23,112724.03,549.02438
1754150400000,112840.7,113261.16,112700.07,113200.25,635.18022
1754146800000,113099.9,113420.0,112802.31,112840.71,535.05988
1754143200000,113457.86,113530.0,112939.39,113099.89,592.6822
1754139600000,113620.01,113630.0,113218.0,113457.85,451.43917
1754136000000,113787.11,113787.12,113564.99,113620.01,343.54746
1754132400000,113550.89,113914.25,113451.77,113787.12,238.71141
1754128800000,113690.71,113704.0,113425.58,113550.89,298.16298
1754125200000,113682.01,113852.0,113572.19,113690.7,257.96721
1754121600000,113982.49,114040.29,113676.81,113682.01,340.52067
1754118000000,113697.85,114021.0,113556.19,113982.49,343.41858
1754114400000,113981.07,113981.07,113469.43,113697.85,738.65234
1754110800000,114025.76,114063.49,113855.01,113981.06,316.01705
1754107200000,113909.87,114057.27,113820.0,114025.75,276.30204
1754103600000,113702.24,113921.94,113702.24,113909.86,274.2046
1754100000000,113674.23,113766.43,113534.3,113702.24,231.27114
1754096400000,113822.97,113909.3,113420.76,113674.24,353.21281
1754092800000,113297.92,113844.16,113198.63,113822.97,564.28406
1754089200000,113141.05,113560.46,112908.54,113297.93,538.90738
1754085600000,113892.11,114010.82,112722.58,113141.05,1368.89305
1754082000000,113951.1,114094.08,113700.0,113892.12,429.29775
1754078400000,113328.67,113980.0,113168.22,113951.09,957.20378
1754074800000,113836.92,113922.47,113221.93,113328.68,1294.41329
1754071200000,114420.0,114496.59,113669.01,113836.93,1180.88823
1754067600000,115015.6,115096.93,114345.0,114420.0,956.24887
1754064000000,115357.82,115695.52,114817.81,115015.6,703.92463
1754060400000,115619.8,115645.57,114676.03,115357.82,870.26042
1754056800000,114352.04,115831.28,113988.47,115619.8,1808.99
1754053200000,115732.48,116019.3,114172.0,114352.05,1584.07705
1754049600000,115305.64,115900.0,115142.62,115732.48,1062.63539
1754046000000,114762.58,115336.98,114602.4,115305.65,494.67127
1754042400000,114938.66,115203.13,114710.02,114762.58,563.088
1754038800000,114615.98,115340.0,114555.41,114938.67,848.20925
1754035200000,115081.76,115081.76,114116.0,114615.99,1432.56065
1754031600000,115156.52,115300.0,114633.18,115081.77,1240.67026
1754028000000,115568.0,115658.09,115065.55,115156.51,629.39718
1754024400000,115695.53,115916.43,115385.92,115568.0,511.19199
1754020800000,115648.03,115699.58,115266.64,115695.52,571.24791
1754017200000,115966.11,116052.0,115613.21,115648.03,552.44227
1754013600000,115328.67,116019.3,115221.07,115966.12,704.95562
1754010000000,115427.27,115609.99,114600.0,115331.86,1656.04021
1754006400000,115764.07,115933.0,114313.13,115427.27,2526.88761
1754002800000,116010.6,116362.99,115500.0,115764.08,1266.02629
1753999200000,116536.96,116536.97,116010.0,116010.6,834.08855
1753995600000,116514.0,116909.67,116228.77,116536.96,742.76679
1753992000000,116785.78,116990.04,116450.0,116514.0,975.87757
1753988400000,117658.81,117762.05,116763.43,116785.79,1372.31175
1753984800000,117728.0,117998.38,117400.0,117658.8,946.75341
1753981200000,118538.53,118557.71,117702.42,117728.0,1032.83499
1753977600000,118306.18,118879.14,118242.39,118538.53,876.32003
1753974000000,117913.19,118351.0,117894.99,118306.18,1170.96697
1753970400000,118557.01,118660.17,117901.68,117913.18,1043.63162
1753966800000,118626.19,118702.1,117807.35,118557.01,806.82751
1753963200000,118371.25,118645.1,118285.14,118626.18,435.85485
1753959600000,118505.02,118560.0,118278.91,118371.25,446.34097
1753956000000,118605.58,118719.42,118435.72,118505.02,285.13996
1753952400000,118593.95,118617.96,118467.65,118605.58,248.44101
1753948800000,118665.98,118770.07,118568.46,118593.94,310.28437
1753945200000,118691.79,118922.45,118604.22,118665.97,718.45709
1753941600000,118362.01,118725.59,118287.63,118691.78,552.35653
1753938000000,118511.52,118540.0,118331.63,118362.0,277.83295
1753934400000,118466.15,118550.0,118364.13,118511.53,359.32077
1753930800000,118447.52,118600.0,118385.0,118466.14,458.32072
1753927200000,118055.32,118520.32,117981.02,118447.52,585.37259
1753923600000,118415.8,118456.46,117992.71,118055.32,463.81141
1753920000000,117840.29,118542.39,117781.87,118415.8,800.0686
1753916400000,117486.48,117908.4,117460.0,117840.3,337.68137
1753912800000,117326.82,117497.17,117253.73,117486.49,316.24088
1753909200000,117175.72,117336.34,116955.64,117326.82,214.49198
1753905600000,116916.73,117325.94,116880.64,117175.71,515.7628
1753902000000,116523.15,117123.8,115796.23,116916.73,2572.65277
1753898400000,117802.11,118037.18,116509.47,116523.14,1846.61677
1753894800000,117734.8,117940.0,117650.0,117802.1,591.37855
1753891200000,118000.01,118021.88,117635.3,117734.8,710.50243
1753887600000,118714.35,118792.0,117834.24,118000.01,1113.77866
1753884000000,117675.78,118728.15,117610.93,118714.35,1103.46809
1753880400000,117739.02,117888.0,117415.62,117675.79,901.27996
1753876800000,117579.99,117909.01,117358.84,117739.02,676.38941
1753873200000,118020.17,118184.0,117358.84,117579.99,647.14857
1753869600000,118164.08,118471.69,117928.13,118020.18,816.03502
1753866000000,118372.73,118427.98,117985.98,118164.08,298.15038
1753862400000,118123.0,118481.81,117939.99,118372.73,466.68398
1753858800000,118287.31,118412.11,118118.0,118123.01,299.24616
1753855200000,117992.26,118326.56,117992.25,118287.31,396.72321
1753851600000,117993.52,118080.0,117667.33,117992.26,269.77024
1753848000000,118161.86,118275.18,117963.65,117993.52,266.35002
1753844400000,118024.1,118250.0,117905.61,118161.87,414.52534
1753840800000,117862.05,118119.0,117796.14,118024.11,330.69294
1753837200000,117744.78,118012.78,117412.53,117862.05,234.85179
1753833600000,117950.75,117995.98,117538.15,117744.77,246.31499
1753830000000,117848.03,118000.0,117729.8,117950.76,202.8032
1753826400000,117606.79,117860.0,117459.04,117848.03,239.80039
1753822800000,117514.49,117701.1,117190.83,117606.79,470.68677
1753819200000,117525.28,117871.39,117094.96,117514.28,823.80047
1753815600000,117606.74,118000.0,117420.0,117525.29,542.80793
1753812000000,117773.69,117824.59,117482.4,117606.72,260.60632
1753808400000,117739.03,118057.05,117629.99,117773.69,512.49259
1753804800000,117400.02,117758.13,116950.75,117739.03,1125.1565
1753801200000,117823.66,117955.39,117272.0,117400.01,1400.94922
1753797600000,118621.27,118635.58,117701.0,117823.67,1328.2906
1753794000000,118906.85,119029.54,118527.01,118621.27,657.45227
1753790400000,118592.38,119080.81,118450.0,118906.85,787.26429
1753786800000,118317.74,118592.39,118160.87,118592.38,577.62627
1753783200000,118784.8,118828.01,118300.0,118317.75,697.30138
1753779600000,118923.81,118985.0,118758.98,118784.79,385.26308
1753776000000,118882.37,119051.0,118764.86,118923.8,302.76278
1760972400000,111210.86,111605.07,111001.34,111308.0,665.96482
1760968800000,111161.35,111395.84,110736.0,111210.86,911.55485
1760965200000,110843.82,111203.06,110588.23,111161.35,666.08434
1760961600000,111016.75,111203.06,110780.0,110843.81,425.00243
1760958000000,110731.78,111026.93,110608.27,111016.75,787.40667
1760954400000,110964.14,111098.01,110612.0,110731.78,644.26773
1760950800000,111097.16,111200.0,110691.96,110964.13,1095.42239
1760947200000,111169.91,111679.25,110943.4,111097.15,925.77025
1760943600000,111298.55,111445.67,111050.78,111169.92,913.95455
1760940000000,111033.79,111377.34,111001.91,111298.55,1196.86696
1760936400000,110422.1,111111.0,110291.27,111033.79,991.81207
1760932800000,110145.45,110535.13,109951.96,110422.1,865.34314
1760929200000,108767.03,110427.86,108571.59,110145.44,1275.9775
1760925600000,108053.57,108970.51,107854.71,108767.02,605.86943
1760922000000,108047.46,108276.04,107894.0,108053.58,602.84285
1760918400000,108642.77,108642.77,107402.52,108047.46,1198.8653
1760914800000,109146.8,109146.8,108471.1,108642.78,440.82047
1760911200000,108744.83,109370.99,108744.83,109146.8,673.56143
1760907600000,108845.07,108869.87,108620.0,108744.82,272.94763
1760904000000,108908.43,108984.9,108810.17,108845.06,661.43199
1760900400000,109383.0,109383.01,108800.57,108908.43,451.40437
1760896800000,109113.53,109450.07,109037.5,109383.01,390.21394
1760893200000,108624.19,109437.43,108615.2,109113.52,842.94186
1760889600000,108486.71,108988.27,108240.0,108624.19,746.0028
1760886000000,108405.47,108621.68,108328.25,108486.7,550.80586
1760882400000,108096.33,108508.0,107887.28,108405.47,1356.8762
1760878800000,107631.43,108227.44,107355.02,108096.34,912.20232
1760875200000,107783.47,107859.42,107421.9,107631.43,816.5887
1760871600000,107882.71,108260.5,107633.05,107783.47,1012.47378
1760868000000,107401.47,107887.99,106999.57,107882.71,889.9682
1760864400000,106443.96,108213.04,106103.36,107401.47,2187.761
1760860800000,106786.0,107203.29,106278.74,106443.95,969.35569
1760857200000,106777.75,106912.08,106702.0,106786.0,158.03024
1760853600000,106888.6,106909.98,106558.61,106777.75,315.62124
1760850000000,107046.89,107180.0,106794.23,106888.59,516.95583
1760846400000,107275.79,107290.0,106949.9,107046.9,256.58858
1760842800000,106847.03,107367.16,106802.32,107275.78,358.14644
1760839200000,106973.27,107000.0,106805.05,106847.02,121.85742
1760835600000,106898.03,106988.81,106734.17,106973.26,184.14483
1760832000000,107185.0,107267.2,106755.88,106898.03,393.96341
1760828400000,107125.88,107200.0,107014.58,107185.01,124.75848
1760824800000,107177.05,107283.71,107067.54,107125.87,219.09125
1760821200000,107018.5,107220.24,106851.84,107177.05,198.46296
1760817600000,107080.14,107339.03,107000.0,107018.51,262.63077
1760814000000,106843.75,107091.87,106762.83,107080.14,153.17902
1760810400000,106880.04,106920.0,106722.72,106843.75,158.99856
1760806800000,106664.01,106955.79,106567.95,106880.03,246.03342
1760803200000,106948.75,107063.89,106484.0,106664.01,353.04791
1760799600000,107028.37,107146.18,106815.86,106948.75,336.98269
1760796000000,106888.77,107111.11,106739.33,107028.36,552.94765
1760792400000,107065.17,107102.14,106810.0,106888.78,270.57628
1760788800000,107208.61,107300.0,106965.23,107065.17,265.11201
1760785200000,106924.47,107222.0,106770.0,107208.6,394.9085
1760781600000,106884.41,107145.81,106788.41,106924.47,365.7402
1760778000000,106719.2,106938.0,106629.66,106884.41,371.44202
1760774400000,106665.01,106966.62,106605.93,106719.2,1204.63747
1760770800000,106839.97,107499.0,106607.2,106665.0,1298.66311
1760767200000,106812.52,106950.0,106711.95,106839.96,582.06053
1760763600000,106478.66,106842.5,106478.66,106812.52,357.02039
1760760000000,107070.41,107070.41,106439.38,106478.71,738.59104
1760756400000,106597.97,107126.55,106573.6,107070.4,747.88716
1760752800000,107149.3,107297.87,106493.23,106597.98,923.59727
1760749200000,106845.52,107306.06,106824.0,107149.3,525.1252
1760745600000,106431.68,106845.52,106322.2,106845.52,471.69377
1760742000000,107000.09,107000.1,106392.08,106431.68,365.62283
1760738400000,107301.41,107415.73,106807.5,107000.1,467.14
1760734800000,107021.38,107440.02,107016.87,107301.4,474.97927
1760731200000,106457.24,107177.08,106342.47,107021.37,502.81407
1760727600000,106647.11,106889.11,106233.65,106454.72,522.73818
1760724000000,106453.26,107089.99,106453.26,106647.11,761.17199
1760720400000,106372.34,106729.0,106071.42,106453.27,723.50939
1760716800000,106803.52,107575.6,106239.75,106372.34,1909.04788
1760713200000,105163.41,106852.14,105087.29,106803.53,2228.15693
1760709600000,105835.62,105989.01,104533.21,105163.42,1894.44771
1760706000000,105350.4,106166.0,104876.19,105835.63,2340.35273
1760702400000,105683.71,106070.14,105227.45,105350.4,1384.38576
1760698800000,104751.99,106651.22,104674.0,105683.72,3620.45641
1760695200000,104530.0,104926.19,103528.23,104751.99,3620.28453
1760691600000,104884.38,105626.67,104520.7,104531.35,2034.60892
1760688000000,105633.75,105716.15,104505.0,104884.38,4632.98336
1760684400000,106741.28,106901.85,105542.09,105633.75,3891.25354
1760680800000,108381.75,108519.49,106639.79,106741.28,2840.49166
1760677200000,108787.26,108926.06,108299.12,108381.76,800.45747
1760673600000,109176.74,109236.01,108786.0,108787.26,487.87266
1760670000000,108972.98,109240.0,108910.45,109176.74,537.9217
1760666400000,108839.84,109082.8,108390.21,108972.97,559.71151
1760662800000,108799.99,109115.08,108506.79,108839.84,663.22366
1760659200000,108194.27,108849.19,107934.4,108800.0,657.03622
1760655600000,107798.85,108420.73,107736.56,108194.28,371.40842
1760652000000,108443.71,108500.0,107783.76,107798.85,451.11345
1760648400000,107838.0,108463.31,107592.0,108443.7,490.84182
1760644800000,108197.67,108424.11,107427.0,107838.01,941.04286
1760641200000,108656.19,108751.02,107685.4,108197.66,1826.2967
1760637600000,108276.69,108656.3,107680.0,108656.19,1228.35335
1760634000000,109232.43,109244.91,108227.54,108276.7,1542.50028
1760630400000,108549.21,109254.0,107577.57,109232.43,3658.11859
1760626800000,110529.35,110727.35,108361.69,108549.21,3863.5105
1760623200000,110860.0,111420.02,109728.0,110529.34,2218.73
1760619600000,111519.08,111548.0,110684.32,110860.0,1245.15513
1760616000000,111404.73,111982.45,111332.18,111519.07,925.41606
1760612400000,111469.63,111567.85,111001.44,111404.72,762.70034
1760608800000,111146.31,111728.7,111021.02,111469.63,1021.52177
1760605200000,110817.5,111633.14,109635.15,111146.31,2599.38969
1760601600000,110584.21,110893.91,110405.0,110817.5,898.50628
1760598000000,111666.83,111773.7,110553.19,110584.2,1116.0425
1760594400000,110951.13,111716.86,110922.17,111666.83,576.47831
1760590800000,110966.03,111485.03,110750.0,110951.14,831.0631
1760587200000,111329.48,111675.21,110800.88,110966.03,573.55869
1760583600000,111510.43,111867.17,111271.49,111329.48,640.75803
1760580000000,111300.0,111562.24,111014.12,111510.43,544.40968
1760576400000,110431.27,111330.0,110417.32,111299.99,776.36767
1760572800000,110763.28,110856.11,110361.0,110431.27,753.8893
1760569200000,110667.97,111006.0,110590.1,110763.28,355.53542
1760565600000,110854.2,111395.82,110667.97,110667.97,422.7399
1760562000000,111109.77,111424.69,110500.0,110854.19,779.36355
1760558400000,111271.73,111556.27,110515.84,111109.76,852.76487
1760554800000,111444.76,111557.7,111099.33,111271.73,589.84937
1760551200000,111186.77,111512.41,110826.21,111444.76,562.70484
1760547600000,110748.0,111186.78,110164.0,111186.78,1335.06163
1760544000000,110798.01,111125.18,110602.8,110748.0,830.13195
1760540400000,111059.77,111588.69,110400.0,110798.01,1836.18334
1760536800000,111389.01,112238.41,110800.0,111059.76,1777.74911
1760533200000,111711.25,112011.75,110725.4,111389.0,1971.0633
1760529600000,111905.72,112085.68,111400.0,111711.25,1005.50463
1760526000000,112266.7,112600.0,111693.26,111905.73,766.17498
1760522400000,112564.0,112645.61,112072.86,112266.71,847.65271
1760518800000,112944.84,113127.39,112380.8,112564.01,848.43925
1760515200000,112584.49,113520.88,112550.0,112944.85,1236.8164
1760511600000,112460.48,112680.0,112235.76,112584.5,932.59854
1760508000000,112431.95,112563.8,111896.07,112460.47,740.50832
1760504400000,112344.81,112659.0,112188.74,112431.95,623.36683
1760500800000,112024.3,112465.5,111746.76,112344.81,1145.73005
1760497200000,112809.94,112866.77,111825.93,112024.29,762.39853
1760493600000,112738.17,113612.35,112673.9,112809.94,812.09712
1760490000000,112993.85,113005.57,112326.26,112738.17,870.72777
1760486400000,113028.13,113112.41,112602.02,112993.86,1081.3257
1760482800000,113211.87,113520.0,112998.22,113028.14,507.80202
1760479200000,113128.7,113577.0,112822.16,113211.87,588.63193
1760475600000,112992.88,113186.0,112683.58,113128.7,561.06072
1760472000000,112613.69,113008.47,112230.46,112992.87,564.85759
1760468400000,112861.36,113544.53,112021.59,112613.7,1685.79274
1760464800000,112774.98,113450.0,112662.72,112861.36,1289.26282
1760461200000,112328.83,112933.65,111692.31,112774.97,2031.41315
1760457600000,112900.44,113187.62,112189.42,112328.83,2429.54292
1760454000000,111435.2,112943.82,111062.15,112900.43,1681.40989
1760450400000,111014.38,112200.0,110905.73,111435.21,2108.64964
1760446800000,110803.29,111329.71,109866.0,111014.38,2420.02151
1760443200000,111313.98,111361.15,110737.29,110803.28,976.90627
1760439600000,110623.58,111630.28,110614.25,111313.98,1426.10618
1760436000000,111287.9,111336.11,110012.24,110623.58,1937.91268
1760432400000,111803.33,112000.0,111055.91,111287.89,937.93171
1760428800000,111724.41,112140.0,111513.63,111803.33,979.88421
1760425200000,111987.39,112194.0,111445.72,111724.41,1446.45172
1760421600000,112493.1,112699.21,111355.01,111987.38,1853.68057
1760418000000,113062.09,113691.0,112390.0,112493.11,1796.26245
1760414400000,113500.0,113599.99,112787.0,113062.09,1189.90441
1760410800000,113647.05,113700.0,113279.76,113500.0,1141.08489
1760407200000,114274.57,114298.08,113647.05,113647.05,851.40075
1760403600000,114959.02,114991.99,114137.93,114274.57,705.31924
1760400000000,115166.0,115409.96,114871.93,114959.03,759.03973
1760396400000,115507.2,115507.2,115005.44,115166.0,554.61822
1760392800000,115700.0,115835.04,115442.67,115507.19,332.95022
1760389200000,115713.37,115786.04,115553.33,115700.0,221.7783
1760385600000,115792.84,115868.0,115400.0,115713.37,419.35754
1760382000000,115160.63,115891.3,115070.0,115792.84,989.05749
1760378400000,115040.55,115377.48,114710.0,115160.63,724.92234
1760374800000,114669.25,115053.43,114215.79,115040.55,669.90056
1760371200000,114312.09,115174.0,114270.89,114669.24,985.04262
1760367600000,114036.63,114727.95,113968.02,114312.1,1078.57574
1760364000000,115345.79,115476.18,113800.01,114036.63,1434.88366
1760360400000,114412.25,115530.0,114220.07,115345.79,1815.19891
1760356800000,114180.0,114748.97,113931.16,114412.26,1209.47056
1760353200000,114810.61,114810.61,113616.5,114180.0,1981.76101
1760349600000,115127.05,115162.0,114740.34,114810.62,896.68402
1760346000000,115254.23,115254.23,114748.38,115127.04,1037.56556
1760342400000,115399.66,115438.17,115138.0,115254.23,644.85187
1760338800000,115221.23,115554.83,115034.0,115399.67,916.61315
1760335200000,114611.82,115379.84,114417.77,115221.22,599.41221
1760331600000,114708.15,114834.7,114500.02,114611.82,834.97755
1760328000000,114821.13,115000.0,114398.24,114708.15,1086.01022
1760324400000,115319.98,115613.7,114619.45,114821.12,846.03241
1760320800000,115713.31,115963.81,115001.62,115319.97,982.84078
1760317200000,115280.83,115750.0,115079.18,115713.32,814.49823
1760313600000,114958.81,115888.0,114766.69,115280.84,1480.23716
1760310000000,115221.4,115350.8,114733.65,114958.8,1099.4147
1760306400000,114882.06,115770.0,114882.06,115221.4,1743.39625
1760302800000,114927.97,115600.0,114217.75,114882.06,1611.66087
1760299200000,114342.28,115468.65,114342.27,114927.97,1817.36254
1760295600000,113878.93,114396.69,113826.65,114342.28,602.52008
1760292000000,113799.99,114236.87,113553.81,113878.93,817.9254
1760288400000,114069.35,114466.94,113516.38,113799.99,1614.34137
1760284800000,113198.2,114700.0,113198.2,114069.35,3600.56207
1760281200000,112338.11,113745.84,112078.0,113198.2,4043.27714
1760277600000,111297.51,112990.9,111177.75,112338.1,2798.771
1760274000000,111789.61,111934.51,111265.99,111297.52,1163.81644
1760270400000,111848.35,112250.0,111555.0,111789.6,1014.55206
1760266800000,111651.64,112133.33,111477.61,111848.36,1104.29864
1760263200000,111837.05,112026.63,111450.0,111651.64,536.97781
1760259600000,111310.9,111920.01,111139.87,111837.04,596.04536
1760256000000,111525.19,111798.99,111300.0,111310.9,573.49914
1760252400000,111686.02,111933.85,111491.09,111525.2,541.91728
1760248800000,111700.38,112125.51,111616.0,111686.01,764.04714
1760245200000,111524.87,111816.04,111188.0,111700.38,537.50918
1760241600000,110676.0,111957.14,110617.1,111524.87,887.82401
1760238000000,110119.02,111368.14,110002.2,110676.0,1361.57401
1760234400000,109978.56,110708.89,109600.0,110119.02,1047.04823
1760230800000,109641.54,110318.01,109641.46,109978.56,1205.41028
1760227200000,110644.4,110685.63,109565.06,109641.54,1171.55172
1760223600000,111043.26,111114.46,110644.0,110644.4,599.88173
1760220000000,110893.55,111291.61,110652.0,111043.27,571.096
1760216400000,110244.98,111000.0,109561.59,110893.54,1099.41658
1760212800000,111178.3,111368.29,109653.65,110244.98,1752.53778
1760209200000,111955.27,112025.4,110865.82,111178.31,1332.81972
1760205600000,112005.56,112025.4,111836.45,111955.27,292.78948
1760202000000,111846.18,112185.53,111715.99,112005.57,678.72551
1760198400000,111793.21,112089.92,111442.91,111846.18,834.57688
1760194800000,111991.97,112385.93,111793.2,111793.2,651.64855
1760191200000,112267.86,112342.11,111890.29,111991.97,1058.55252
1760187600000,112380.13,112500.0,111890.33,112267.86,973.48531
1760184000000,112280.01,112466.66,112037.98,112380.14,997.55713
1760180400000,112114.63,112359.67,111700.0,112280.0,969.90748
1760176800000,111642.78,112271.34,111621.77,112114.64,1350.7519
1760173200000,111328.38,111887.19,111274.41,111642.78,1627.2836
1760169600000,110384.6,111535.29,110162.23,111328.38,1981.19694
1760166000000,112046.0,112084.61,110090.29,110384.61,3230.51321
1760162400000,112389.48,112753.91,112000.0,112045.99,1208.64004
1760158800000,112945.79,112945.79,111992.85,112389.48,1256.8701
1760155200000,112300.0,112991.16,111700.0,112945.79,1446.73937
1760151600000,113196.48,113322.39,111800.0,112300.01,2190.21309
1760148000000,111095.38,113297.92,111082.0,113196.48,2926.55879
1760144400000,112514.57,112530.01,111019.43,111095.37,2796.42603
1760140800000,112774.49,113178.66,111620.3,112514.58,3620.32878
1760137200000,113700.0,114807.41,112652.76,112774.5,4977.36911
1760133600000,113451.87,114109.03,110879.69,113700.0,9370.17448
1760130000000,114266.82,115112.69,102000.0,113451.86,22932.63034
1760126400000,116661.5,117214.64,113039.0,114266.82,4454.56036
1760122800000,117237.7,117341.92,115952.47,116661.5,2733.41302
1760119200000,117623.8,117851.5,117237.0,117237.7,1448.7532
1760115600000,118205.61,118427.51,117579.79,117623.8,2197.93519
1760112000000,119018.99,119456.28,118205.6,118205.61,2074.44286
1760108400000,120493.16,120626.55,118500.0,119018.98,4690.68973
1760104800000,121684.18,122069.76,120479.2,120493.17,1335.80488
1760101200000,121597.22,122550.0,121384.6,121684.2,1452.77007
1760097600000,121554.55,121682.42,121420.0,121597.21,288.32785
1760094000000,121496.34,121661.62,121424.5,121554.55,357.66752
1760090400000,121314.73,121543.59,121228.83,121496.33,289.70624
1760086800000,121631.54,121777.07,121276.56,121314.73,473.35018
1760083200000,120932.05,121660.43,120916.44,121631.54,433.113
1760079600000,121378.19,121388.61,120855.41,120932.05,895.21452
1760076000000,121583.89,121754.34,121265.26,121378.18,687.86577
1760072400000,121234.52,121604.49,120986.08,121583.89,503.29572
1760068800000,121026.0,121388.58,121018.33,121234.51,480.17378
1760065200000,121059.73,121575.99,120909.15,121026.01,636.2431
1760061600000,121623.96,121651.33,120900.0,121059.73,812.25118
1760058000000,121745.26,121874.13,121489.06,121623.97,353.28358
1760054400000,121662.41,121863.74,121595.75,121745.27,292.90359
1760050800000,121686.19,121900.0,121341.22,121662.4,711.59334
1760047200000,121461.03,121768.01,121411.55,121686.19,467.98367
1760043600000,121109.08,121512.7,121065.77,121461.02,436.22306
1760040000000,120951.72,121199.97,120838.0,121109.09,743.67096
1760036400000,120649.33,121108.12,120649.32,120951.72,714.9231
1760032800000,120971.22,121100.0,120396.0,120649.32,956.31004
1760029200000,119819.76,121046.15,119651.47,120974.0,1671.39797
1760025600000,121147.15,121481.9,119707.29,119819.77,2831.42858
1760022000000,121315.01,121734.27,120673.99,121147.14,1236.17443
1760018400000,122415.74,122608.0,120736.96,121315.0,2613.44219
1760014800000,123563.38,123658.38,122277.76,122415.74,1233.13253
1760011200000,122737.56,123762.94,122709.1,123563.38,1483.31285
1760007600000,122170.26,122833.02,122170.26,122737.57,780.01914
1760004000000,121813.04,122340.0,121650.22,122170.27,462.62367
1760000400000,121261.62,121855.44,121261.62,121813.04,495.55613
1759996800000,121906.09,121960.97,121145.49,121261.62,951.24212
1759993200000,121957.32,122067.61,121724.71,121906.1,391.52251
1759989600000,122100.92,122185.98,121883.43,121957.32,336.40438
1759986000000,122144.7,122196.99,121823.94,122100.92,394.74775
1759982400000,122038.01,122264.0,121904.81,122144.7,328.47326
1759978800000,121617.81,122120.28,121603.59,122038.01,454.57002
1759975200000,122548.23,122548.23,121475.98,121617.81,831.85568
1759971600000,122839.16,122857.32,122339.41,122548.23,649.56359
1759968000000,123306.01,123348.32,122839.15,122839.15,383.1891
1759964400000,123200.82,123537.11,123056.31,123306.0,289.55534
1759960800000,123277.34,123416.73,123200.81,123200.82,132.25319
1759957200000,122856.7,123332.01,122794.4,123277.33,261.93729
1759953600000,123450.01,123737.0,122814.0,122856.69,673.60553
1759950000000,123460.21,123759.94,123160.82,123450.0,664.75988
1759946400000,124033.19,124197.25,123415.58,123460.22,1152.35838
1759942800000,123051.02,124164.36,122958.05,124033.19,1336.46427
1759939200000,122189.72,123129.23,122110.08,123051.03,641.94768
1759935600000,122319.99,122622.55,121954.34,122189.72,559.46428
1759932000000,122599.04,123350.0,122112.16,122320.0,1462.74459
1759928400000,122631.52,122774.96,121649.68,122599.04,886.89853
1759924800000,122884.14,123090.75,122542.27,122631.52,464.2609
1759921200000,122934.61,123200.0,122743.36,122884.14,817.9321
1759917600000,122516.99,123100.0,122498.05,122934.6,654.29848
1759914000000,122381.84,122644.0,122381.84,122516.98,474.15682
1759910400000,121597.05,122850.0,121524.01,122381.85,1462.35304
1759906800000,121784.3,121872.37,121311.91,121597.06,697.34775
1759903200000,121374.02,121841.54,121068.96,121784.29,552.19718
1759899600000,121900.01,121900.01,121173.86,121374.01,708.85271
1759896000000,121374.76,121910.24,121066.14,121900.0,712.4618
1759892400000,122048.28,122048.28,121200.0,121374.75,701.35291
1759888800000,121950.0,122229.66,121825.74,122048.28,534.11266
1759885200000,121914.09,122056.0,121605.75,121950.01,519.56378
1759881600000,121332.96,122089.68,121276.0,121914.09,651.73891
1759878000000,122011.17,122022.88,121258.08,121332.95,577.66296
1759874400000,122016.0,122173.5,121797.6,122011.17,404.31119
1759870800000,121943.61,122292.62,121765.9,122016.0,397.91117
1759867200000,121637.18,122196.48,121637.18,121943.61,493.62814
1759863600000,120895.37,122027.3,120860.46,121637.17,1334.54837
1759860000000,121130.02,121306.13,120574.94,120895.37,1099.60495
1759856400000,121684.17,121822.58,121100.0,121130.02,1241.13249
1759852800000,121846.01,122084.14,120800.02,121684.17,2051.61019
1759849200000,122725.36,122865.36,121172.89,121846.01,2798.67322
1759845600000,123891.68,124000.0,122568.0,122725.36,2078.9177
1759842000000,124918.0,125046.16,123288.0,123891.68,1734.891
1759838400000,124453.37,125126.0,124340.0,124917.99,747.53263
1759834800000,124282.18,124509.6,124179.99,124453.38,462.44628
1759831200000,124117.48,124413.75,124020.0,124282.19,385.65308
1759827600000,123861.75,124246.64,123861.74,124117.48,423.70195
1759824000000,123668.0,123999.98,123322.9,123861.75,1172.93284
1759820400000,123890.84,124038.0,123567.6,123667.99,730.09708
1759816800000,124414.17,124460.0,123800.0,123890.84,862.57843
1759813200000,124499.99,124640.76,124240.37,124414.17,424.20697
1759809600000,124329.74,124654.47,124109.1,124500.0,438.34342
1759806000000,124259.91,124568.44,124101.26,124329.74,379.16017
1759802400000,124699.99,124700.0,124159.22,124259.9,524.92821
1759798800000,124900.93,125082.27,124442.87,124699.99,470.23469
1759795200000,124658.54,124925.14,124600.0,124900.93,399.28672
1759791600000,125039.13,125100.0,124628.0,124658.54,364.0631
1759788000000,125097.86,125298.43,124784.41,125039.13,416.67058
1759784400000,125211.03,125268.5,124511.15,125097.85,907.58302
1759780800000,125410.8,125534.0,125032.01,125211.02,512.32035
1759777200000,126011.18,126134.71,125252.74,125410.81,919.42008
1759773600000,125284.01,126199.63,125044.46,126011.18,1439.873253
1759770000000,125455.25,125819.2,125126.67,125284.0,1451.39316
1759766400000,125000.0,125499.63,124800.0,125455.24,911.48586
1759762800000,124529.99,125408.29,124513.35,125000.0,852.17645
1759759200000,125031.34,125330.0,124339.38,124530.0,1331.91784
1759755600000,124556.65,125079.85,124385.74,125031.33,1406.49106
1759752000000,124215.0,124691.81,124178.0,124556.64,977.10945
1759748400000,123978.0,124531.66,123735.73,124215.0,960.05678
1759744800000,123955.29,124142.85,123899.42,123978.0,459.97878
1759741200000,123846.56,124056.73,123779.31,123955.3,791.39727
1759737600000,123390.47,123880.0,123390.46,123846.55,556.77898
1759734000000,123947.91,124035.89,123280.49,123390.47,749.33011
1759730400000,123586.01,124165.56,123586.0,123947.9,527.83575
1759726800000,123580.27,123750.0,123294.93,123586.0,558.79238
1759723200000,123839.09,123988.0,123554.27,123580.26,374.67011
1759719600000,124110.61,124126.31,123742.64,123839.09,303.52731
1759716000000,124035.33,124244.93,123476.04,124110.61,696.06889
1759712400000,123347.29,124239.7,123192.01,124035.32,720.59287
1759708800000,123482.32,124358.46,123084.0,123347.29,1305.09536
1759705200000,123237.4,123548.83,123219.62,123482.31,497.37068
1759701600000,122730.0,123278.76,122730.0,123237.4,329.01936
1759698000000,122705.31,122801.44,122489.85,122729.99,239.86372
1759694400000,122591.8,123055.05,122473.62,122705.32,347.70826
1759690800000,122999.44,123026.0,122500.0,122591.79,394.73151
1759687200000,123057.05,123220.3,122856.05,122999.44,586.52026
1759683600000,123265.55,123464.0,122890.38,123057.05,390.32827
1759680000000,122803.17,123348.45,122301.63,123265.54,1014.58046
1759676400000,123034.67,123034.67,122675.0,122803.17,420.97888
1759672800000,123161.4,123339.42,122770.32,123034.67,553.48643
1759669200000,123085.89,123358.83,123070.46,123161.39,684.83212
1759665600000,123464.64,123464.65,122927.17,123085.88,573.79261
1759662000000,123028.01,123538.46,122850.0,123464.64,714.20213
1759658400000,123020.51,123130.0,122520.24,123028.01,993.89021
1759654800000,124596.0,124665.37,122789.35,123020.5,2214.92936
1759651200000,124713.63,124838.37,124558.0,124595.99,532.28794
1759647600000,125000.01,125164.26,124622.6,124713.63,898.02731
1759644000000,125127.99,125225.54,124805.34,125000.01,821.20016
1759640400000,125172.81,125437.91,124876.72,125127.99,1956.24996
1759636800000,123776.23,125708.42,123734.0,125172.81,3667.071773
1759633200000,124031.44,124173.0,123344.98,123776.22,1077.99134
1759629600000,122377.71,124362.28,122342.0,124031.44,2633.63494
1759626000000,122157.71,122410.0,122136.0,122377.72,308.73428
1759622400000,122390.99,122410.0,122157.7,122157.7,191.66559
1759618800000,122287.19,122410.0,122214.0,122391.0,133.459
1759615200000,122190.67,122365.14,122139.98,122287.19,158.14137
1759611600000,121892.89,122347.55,121871.01,122190.67,282.5404
1759608000000,121959.25,122079.65,121891.49,121892.89,211.24587
1759604400000,121574.66,121959.25,121574.65,121959.25,213.72533
1759600800000,121747.36,121829.69,121510.0,121574.66,288.12119
1759597200000,121720.0,121910.24,121660.57,121747.37,289.33463
1759593600000,121791.31,121964.95,121595.67,121719.99,652.05349
1759590000000,122000.01,122144.28,121698.88,121791.31,700.83126
1759586400000,122385.42,122459.98,122000.0,122000.01,229.86148
1759582800000,122005.62,122509.52,122005.62,122385.42,319.16828
1759579200000,121973.26,122103.0,121945.0,122005.62,214.19564
1759575600000,122129.53,122215.97,121962.81,121973.26,316.89688
1759572000000,122208.79,122331.01,122099.69,122129.53,208.78248
1759568400000,122267.58,122457.17,122186.03,122208.78,244.01487
1759564800000,122324.08,122539.83,122197.63,122267.57,499.0421
1759561200000,122430.27,122455.0,122259.98,122324.08,253.33958
1759557600000,122522.7,122606.86,122373.9,122430.27,358.53969
1759554000000,122495.01,122800.0,122405.64,122522.7,588.87932
1759550400000,122243.99,122522.0,122219.3,122495.0,315.41672
1759546800000,121854.53,122325.6,121829.54,122243.99,356.40352
1759543200000,121865.22,122030.0,121684.97,121854.53,443.51459
1759539600000,122100.0,122103.24,121698.8,121865.21,486.29697
1759536000000,122232.21,122295.56,121982.23,122100.0,444.36212
1759532400000,122477.0,122477.0,122180.79,122232.0,290.85283
1759528800000,122306.57,122665.0,122306.56,122477.0,227.9953
1759525200000,122447.94,122452.1,121999.33,122306.57,392.75542
1759521600000,122661.0,122734.92,122037.43,122447.94,617.65815
1759518000000,122538.46,122961.63,122355.08,122660.99,661.21371
1759514400000,122073.26,122732.12,121466.25,122538.46,1175.09154
1759510800000,122553.3,123113.97,121603.42,122073.25,2932.08887
1759507200000,122258.04,123894.99,122258.04,122553.3,4679.2754
1759503600000,120917.1,122366.0,120641.27,122258.05,2558.07247
1759500000000,120374.72,120975.0,119881.24,120917.85,1151.84039
1759496400000,120358.07,120691.44,120113.0,120374.73,795.86923
1759492800000,120334.51,120400.0,120102.18,120358.07,423.63897
1759489200000,120425.95,120471.0,120130.76,120334.5,450.30439
1759485600000,120300.01,120515.89,120271.18,120425.95,575.58075
1759482000000,120038.6,120365.35,120008.6,120300.0,1073.47178
1759478400000,119640.22,120072.59,119248.3,120038.6,1368.04834
1759474800000,119916.94,120011.05,119610.59,119640.21,1193.694
1759471200000,119920.41,120075.62,119765.99,119916.93,356.16347
1759467600000,120039.98,120065.41,119746.81,119920.4,454.732
1759464000000,120225.88,120324.53,120000.4,120039.98,289.32576
1759460400000,120157.82,120472.12,120157.82,120225.89,503.41637
1759456800000,119875.72,120269.11,119866.18,120157.82,451.19476
1759453200000,120132.8,120293.68,119820.0,119875.72,537.61051
1759449600000,120529.35,120550.9,120079.0,120132.8,776.43359
1759446000000,120257.49,120680.35,120251.81,120529.35,524.1272
1759442400000,120150.1,120412.24,120072.46,120257.49,379.08266
1759438800000,120652.01,120774.97,120141.72,120150.1,546.60875
1759435200000,120836.49,120914.0,120306.02,120652.01,833.01817
1759431600000,120506.6,121022.07,120439.97,120836.49,1332.75893
1759428000000,119917.52,120663.96,119907.01,120506.61,1340.0858
1759424400000,119731.4,119956.84,119359.63,119917.52,625.48952
1759420800000,119910.78,120300.0,119607.82,119731.4,1570.77716
1759417200000,118814.09,119910.79,118516.39,119910.78,1405.75154
1759413600000,119621.19,119788.0,118642.2,118814.09,1237.9215
1759410000000,119402.43,119761.36,118933.25,119621.2,1531.32643
1759406400000,118765.72,119402.43,118742.91,119402.42,924.16679
1759402800000,118619.55,118900.01,118537.1,118765.73,414.31674
1759399200000,118849.99,118926.49,118567.85,118619.56,393.64914
1759395600000,118668.89,118850.0,118567.0,118849.99,343.02582
1759392000000,118489.76,118680.0,118354.61,118668.89,309.01675
1759388400000,118649.07,118678.98,118424.0,118489.76,496.19299
1759384800000,118377.34,118672.34,118295.87,118649.06,380.89847
1759381200000,118662.04,118677.32,118279.31,118377.34,484.81157
1759377600000,118733.99,118930.29,118432.64,118662.04,410.46135
1759374000000,118753.73,119058.82,118688.61,118733.99,595.85707
1759370400000,118617.37,118784.87,118483.39,118753.73,644.14993
1759366800000,118428.46,118894.12,118368.05,118617.37,734.6179
1759363200000,118594.99,119456.92,118397.32,118428.46,2212.72285
1759359600000,117745.39,118649.1,117686.28,118594.99,1161.22401
1759356000000,117554.95,118080.0,117554.95,117745.39,593.82096
1759352400000,117536.13,117579.43,117339.54,117554.96,278.91184
1759348800000,117439.53,117542.24,117163.25,117536.12,412.83403
1759345200000,117234.01,117623.59,117214.8,117439.53,483.28734
1759341600000,116768.08,117339.09,116768.07,117234.01,528.26692
1759338000000,117535.79,117681.27,116724.56,116768.07,962.36022
1759334400000,117423.73,118199.0,117319.04,117535.79,1840.40868
1759330800000,117292.73,117649.99,117091.84,117423.73,1008.01671
1759327200000,116806.96,117441.26,116704.74,117292.74,1631.53193
1759323600000,116402.65,116843.73,116399.5,116806.96,1233.59755
1759320000000,116789.57,116887.0,116363.38,116402.65,645.19981
1759316400000,116281.64,116795.85,116269.0,116789.58,642.47832
1759312800000,116412.1,116551.0,116203.5,116281.64,549.64831
1759309200000,116111.27,116529.93,115950.0,116412.1,1081.73774
1759305600000,114539.02,116591.8,114484.43,116111.28,2944.06599
1759302000000,114256.82,114584.35,114236.59,114539.02,446.26236
1759298400000,114569.84,114624.3,114224.88,114256.81,392.52281
1759294800000,114289.02,114740.0,114265.63,114569.84,559.75519
1759291200000,114176.93,114700.0,114151.0,114289.01,597.89328
1759287600000,114272.16,114530.48,114096.58,114176.92,502.30318
1759284000000,114549.99,114551.76,114272.15,114272.15,508.42422
1759280400000,114239.53,114550.0,114142.99,114549.99,597.2536
1759276800000,114048.94,114308.0,113966.67,114239.53,434.59016
1759273200000,113940.4,114048.94,113765.42,114048.93,268.4376
1759269600000,114161.0,114356.98,113883.01,113940.39,348.9346
1759266000000,114626.36,114754.87,114136.5,114161.0,649.46746
1759262400000,114359.99,114723.57,114110.09,114626.36,710.64838
1759258800000,113714.55,114563.46,113702.01,114359.99,971.66803
1759255200000,113246.12,113714.56,113177.37,113714.56,431.8583
1759251600000,112841.23,113503.99,112813.82,113246.11,745.57241
1759248000000,113106.15,113279.92,112800.0,112841.24,386.78887
1759244400000,113595.04,113598.27,112919.95,113106.16,758.86878
1759240800000,113404.53,113630.13,112900.0,113595.05,910.17644
1759237200000,113002.06,113677.23,112866.11,113404.53,823.64679
1759233600000,113055.0,113255.99,112990.75,113002.06,347.5946
1759230000000,112923.5,113135.44,112810.62,113055.01,498.77683
1759226400000,112781.97,113085.23,112656.27,112923.49,721.99583
1759222800000,113451.89,113451.89,112731.41,112781.97,995.05591
1759219200000,113699.24,113741.37,113350.35,113451.89,653.46315
1759215600000,113891.64,113994.61,113585.0,113699.23,745.45417
1759212000000,113904.0,114084.22,113838.41,113891.64,527.62041
1759208400000,114091.63,114205.17,113827.24,113904.0,698.31455
1759204800000,114376.39,114376.4,114091.62,114091.63,355.43204
1759201200000,114455.96,114514.5,114303.06,114376.39,388.27883
1759197600000,114500.32,114583.19,114360.0,114455.96,385.99253
1759194000000,114525.97,114792.0,114255.38,114500.31,766.2566
1759190400000,114311.97,114758.0,114040.35,114525.97,953.85322
1759186800000,114189.8,114395.92,114189.8,114311.96,345.31333
1759183200000,114176.72,114216.41,114020.0,114189.81,443.81221
1759179600000,114258.29,114329.8,114095.36,114176.73,218.26557
1759176000000,114265.56,114400.0,114122.12,114258.29,497.44944
1759172400000,114008.78,114390.93,113848.63,114265.55,747.93438
1759168800000,114043.92,114137.73,113867.02,114008.79,396.89151
1759165200000,113626.15,114151.0,113449.74,114043.91,843.56729
1759161600000,113815.57,114053.0,113600.0,113626.15,728.01207
1759158000000,114033.54,114127.13,113686.06,113815.57,858.42631
1759154400000,113227.29,114231.56,113220.21,114033.53,1791.07159
1759150800000,112022.0,113490.0,111901.26,113227.29,1670.66371
1759147200000,112100.0,112515.0,111940.0,112022.16,744.63691
1759143600000,112090.19,112112.86,111923.13,112100.0,401.91096
1759140000000,112110.9,112225.0,112012.73,112090.18,476.12298
1759136400000,112099.74,112219.0,111988.13,112110.9,460.23123
1759132800000,111865.96,112421.99,111865.95,112099.75,787.97678
1759129200000,111632.83,111865.96,111560.65,111865.95,869.2909
1759125600000,111753.34,111850.0,111624.0,111632.83,334.53443
1759122000000,111812.01,111812.01,111575.38,111753.34,348.73721
1759118400000,111857.51,111904.34,111750.0,111812.0,278.79762
1759114800000,111750.02,111857.51,111588.07,111857.51,310.12302
1759111200000,111855.3,112022.27,111632.72,111750.02,621.54504
1759107600000,112260.57,112310.0,111721.79,111855.3,649.21896
1759104000000,112163.96,112309.98,111985.0,112260.57,716.5866
1759100400000,111938.51,112350.0,111938.51,112163.95,807.38282
1759096800000,110833.99,112014.0,110833.99,111938.51,1130.21918
1759093200000,110803.8,110896.33,110640.81,110833.99,275.55071
1759089600000,110337.61,110945.0,110294.78,110803.8,510.0654
1759086000000,110293.56,110388.46,110119.71,110337.6,184.24395
1759082400000,110203.53,110293.56,110060.88,110293.56,140.49771
1759078800000,110222.01,110377.05,110130.26,110203.52,374.79675
1759075200000,110037.92,110393.63,110008.54,110222.02,516.23853
1759071600000,109850.0,110037.93,109712.23,110037.93,338.92347
1759068000000,109639.0,109888.0,109502.56,109850.01,370.11862
1759064400000,109314.99,109668.98,109314.98,109639.0,332.00919
1759060800000,109369.02,109451.04,109189.99,109314.99,308.15163
1759057200000,109368.43,109447.28,109250.0,109369.02,293.31231
1759053600000,109519.43,109519.43,109368.43,109368.44,143.70537
1759050000000,109509.91,109559.89,109323.88,109519.42,209.63846
1759046400000,109513.06,109585.39,109423.21,109509.91,216.27847
1759042800000,109410.0,109537.8,109350.0,109513.06,178.6647
1759039200000,109356.44,109455.97,109260.0,109410.0,167.02015
1759035600000,109365.9,109398.0,109356.42,109356.43,124.07352
1759032000000,109436.0,109486.1,109365.88,109365.9,99.29239
1759028400000,109447.54,109535.0,109409.17,109436.0,123.06023
1759024800000,109353.68,109535.0,109353.67,109447.55,194.54739
1759021200000,109607.81,109654.85,109325.05,109353.67,221.5149
1759017600000,109635.85,109787.75,109548.0,109607.81,283.02575
1759014000000,109605.63,109683.16,109461.53,109635.85,97.55978
1759010400000,109474.98,109699.98,109474.98,109605.62,175.35372
1759006800000,109390.0,109483.55,109389.47,109474.99,119.69499
1759003200000,109424.21,109435.0,109362.72,109390.0,60.18528
1758999600000,109434.96,109440.0,109383.48,109424.2,76.33855
1758996000000,109382.48,109434.99,109345.11,109434.96,154.7658
1758992400000,109389.05,109410.0,109243.89,109382.47,183.15972
1758988800000,109402.25,109427.76,109308.0,109389.04,176.55452
1758985200000,109287.89,109427.4,109193.0,109402.24,204.90854
1758981600000,109306.61,109387.51,109255.9,109287.89,273.62629
1758978000000,109400.06,109412.14,109299.64,109306.61,336.77227
1758974400000,109310.22,109477.59,109227.14,109400.05,336.07633
1758970800000,109431.71,109440.65,109280.0,109310.21,244.4871
1758967200000,109292.74,109477.69,109256.07,109431.7,322.59239
1758963600000,109252.01,109347.59,109064.4,109292.73,409.97831
1758960000000,109411.19,109411.2,109252.0,109252.01,379.23249
1758956400000,109541.36,109570.36,109332.02,109411.2,290.72314
1758952800000,109635.73,109635.73,109481.44,109541.36,241.06138
1758949200000,109654.99,109684.29,109593.65,109635.72,128.97939
1758945600000,109553.77,109742.27,109514.63,109654.99,248.07725
1758942000000,109408.18,109743.91,109384.63,109553.77,262.25571
1758938400000,109431.92,109482.64,109324.42,109408.18,280.63961
1758934800000,109649.29,109657.45,109330.08,109431.92,230.21003
1758931200000,109643.46,109660.88,109472.23,109649.29,268.55384
1758927600000,109558.24,109687.69,109432.07,109643.46,213.65814
1758924000000,109469.07,109607.38,109348.0,109558.25,183.31873
1758920400000,109288.45,109530.0,109189.17,109469.07,210.90009
1758916800000,109172.21,109347.59,109087.57,109288.44,245.23004
1758913200000,109727.99,109727.99,109030.41,109172.2,603.81607
1758909600000,109900.0,110300.0,109700.0,109727.99,571.22129
1758906000000,109460.0,110000.0,109392.35,109899.99,627.01224
1758902400000,109027.79,109618.0,109027.78,109460.01,291.37899
1758898800000,108836.0,109358.5,108802.04,109027.78,486.11543
1758895200000,109669.72,109779.73,108764.76,108836.0,900.4525
1758891600000,109372.68,109779.73,109000.0,109669.73,991.99403
1758888000000,109133.5,109579.0,108824.82,109372.68,863.36244
1758884400000,108894.99,109200.0,108620.07,109133.5,923.24217
1758880800000,109568.72,109568.72,108697.42,108895.0,735.10273
1758877200000,109567.2,109690.98,109393.37,109568.72,441.33309
1758873600000,109320.02,109607.5,109304.72,109567.2,575.78415
1758870000000,109360.0,109593.49,108913.0,109320.02,1776.45411
1758866400000,109252.79,109624.16,109016.0,109360.0,592.34105
1758862800000,109338.02,109579.99,109085.78,109252.79,371.75832
1758859200000,109580.0,109625.94,109250.87,109338.01,315.34456
1758855600000,109621.7,109635.8,109293.25,109580.01,504.99021
1758852000000,109680.39,109798.84,109487.26,109621.7,497.29551
1758848400000,109472.12,109762.59,109313.17,109680.4,452.15578
1758844800000,108994.49,109614.67,108809.24,109472.13,868.75424
1758841200000,109419.97,109685.72,108765.0,108994.49,1046.26824
1758837600000,109420.0,109587.99,109261.02,109419.97,280.53982
1758834000000,109163.45,109666.3,109074.11,109420.0,347.85454
1758830400000,109360.0,109482.62,109057.06,109163.44,424.7182
1758826800000,109760.2,109973.4,109302.54,109360.0,1217.19366
1758823200000,108833.63,109801.78,108631.51,109760.2,1427.42291
1758819600000,110957.28,110968.4,108654.0,108833.63,2899.70308
1758816000000,111580.77,111672.58,110904.91,110957.29,585.10481
1758812400000,111540.01,111587.75,110868.9,111580.77,599.58449
1758808800000,111000.0,111729.52,110983.03,111540.0,856.73547
1758805200000,111111.01,111719.05,110629.99,111000.0,2220.16862
1758801600000,111347.99,111656.81,111020.0,111111.0,1058.2697
1758798000000,111648.19,111728.48,111283.63,111348.0,543.64106
1758794400000,111571.58,111854.12,111525.81,111648.19,434.41742
1758790800000,111727.2,112246.46,111571.57,111571.58,771.79377
1758787200000,111766.73,112031.18,111689.38,111727.21,537.9101
1758783600000,111533.26,111883.23,111450.42,111766.72,515.14719
1758780000000,111749.91,111843.3,111515.87,111533.26,371.96659
1758776400000,111735.67,112040.0,111597.86,111749.91,705.54263
1758772800000,112546.22,112614.43,111584.23,111735.66,1337.55309
1758769200000,112907.38,112907.39,112214.74,112546.21,773.34995
1758765600000,112661.24,113179.94,112510.06,112907.38,569.88139
1758762000000,113062.35,113369.98,112446.15,112661.24,1139.29698
1758758400000,113307.01,113510.23,112960.0,113062.35,567.08586
1758754800000,113336.34,113429.12,113204.71,113307.0,417.66352
1758751200000,113339.63,113647.58,113250.59,113336.33,268.57434
1758747600000,113501.52,113584.02,113283.99,113339.63,274.44453
1758744000000,113420.0,113609.25,113401.99,113501.52,233.37909
1758740400000,113639.8,113682.46,113292.25,113420.01,306.5127
1758736800000,113761.31,113830.66,113512.53,113639.8,202.61449
1758733200000,113732.01,113940.0,113616.0,113761.3,361.88913
1758729600000,113346.4,113753.0,113163.21,113732.01,447.67953
1758726000000,113720.64,113883.68,113257.01,113346.41,717.74437
1758722400000,112823.62,113890.0,112823.61,113720.64,966.18934
1758718800000,113070.69,113222.69,112808.0,112823.62,578.33959
1758715200000,113029.45,113097.99,112944.0,113070.69,272.77737
1758711600000,112941.99,113162.17,112877.3,113029.46,548.21142
1758708000000,112735.05,112960.0,112668.51,112941.98,402.84076
1758704400000,112622.81,112837.42,112501.38,112735.06,247.34844
1758700800000,112583.54,112636.85,112405.62,112622.8,369.32812
1758697200000,112596.7,112742.06,112459.44,112583.54,538.1822
1758693600000,112636.85,112779.37,112535.78,112596.69,508.56699
1758690000000,112161.94,112666.74,112133.83,112636.84,480.95742
1758686400000,111683.1,112374.32,111042.66,112161.93,1377.98323
1758682800000,112111.62,112223.15,111683.09,111683.09,1081.07058
1758679200000,112451.25,112500.0,111896.43,112111.62,1045.64078
1758675600000,112230.73,112500.0,112140.0,112451.26,263.95045
1758672000000,111998.8,112380.0,111816.86,112230.72,457.37128
1758668400000,112159.24,112220.54,111879.73,111998.8,242.62314
1758664800000,112161.53,112213.95,112002.16,112159.23,231.71626
1758661200000,111985.78,112202.24,111893.44,112161.54,270.56814
1758657600000,111655.29,111994.99,111458.73,111985.77,495.90964
1758654000000,111780.09,111979.27,111540.2,111655.29,565.08344
1758650400000,111957.76,112200.0,111686.9,111780.1,710.40527
1758646800000,112823.62,112823.62,111888.0,111957.76,587.62346
1758643200000,112882.2,112958.58,112486.37,112823.63,531.06975
1758639600000,112652.91,113072.89,112496.61,112882.19,466.71943
1758636000000,112952.32,113290.5,112571.81,112652.91,713.09459
1758632400000,112941.01,113024.31,112722.78,112952.31,426.02927
1758628800000,112975.99,113049.9,112811.4,112941.02,342.98937
1758625200000,112969.32,113081.35,112683.33,112975.99,343.04129
1758621600000,112934.48,113006.56,112828.62,112969.32,382.87944
1758618000000,113133.84,113281.5,112888.0,112934.47,430.99222
1758614400000,113090.13,113177.72,112936.98,113133.84,657.66339
1758610800000,112974.97,113114.01,112882.48,113090.13,754.18067
1758607200000,112665.44,113111.89,112616.93,112974.96,574.99132
1758603600000,112442.29,112894.49,112413.01,112665.44,645.16259
1758600000000,112339.99,112469.21,111876.15,112442.3,530.4818
1758596400000,111811.88,112446.97,111478.0,112339.99,840.03485
1758592800000,112156.66,112487.38,111674.0,111811.88,717.47413
1758589200000,112395.32,112502.29,112138.88,112156.66,439.66589
1758585600000,112650.99,112833.09,112385.23,112395.32,400.92095
1758582000000,112643.25,112739.14,112592.2,112650.99,135.31095
1758578400000,112969.99,112970.0,112594.33,112643.25,289.60715
1758574800000,112781.87,112970.0,112602.79,112969.99,293.31156
1758571200000,112122.9,112977.41,111975.28,112781.88,596.84005
1758567600000,112429.12,112600.87,111936.4,112122.9,1307.37365
1758564000000,112398.65,112816.55,112345.54,112429.13,470.04903
1758560400000,112600.69,112622.95,112250.89,112398.66,595.0948
1758556800000,112815.5,112888.0,112585.87,112600.68,359.00005
1758553200000,112933.16,113024.23,112576.42,112815.5,609.57711
1758549600000,113130.63,113432.76,112754.15,112933.16,1386.14648
1758546000000,112738.64,113148.29,112380.0,113130.63,813.72754
1758542400000,112876.97,112876.97,112520.0,112738.65,504.05132
1758538800000,112792.16,112976.02,112683.49,112876.97,499.11385
1758535200000,112336.62,112848.33,112262.22,112792.16,523.20588
1758531600000,112629.06,112662.87,112173.52,112336.62,1219.89658
1758528000000,112520.0,112780.0,112452.0,112629.07,810.01414
1758524400000,112800.77,112999.0,112476.17,112519.99,1129.8684
1758520800000,113691.18,113698.38,111800.0,112800.77,5199.12797
1758517200000,114433.53,114551.8,113623.0,113691.19,753.79586
1758513600000,114649.89,114649.9,114397.32,114433.53,208.01066
1758510000000,114187.8,114654.36,114187.8,114649.89,326.66818
1758506400000,114273.44,114618.89,114150.0,114187.81,895.13507
1758502800000,114407.28,114750.0,114250.98,114273.45,660.65043
1758499200000,115232.29,115379.25,114290.16,114407.28,1196.13685
1758495600000,115538.91,115538.91,115200.0,115232.29,196.99668
1758492000000,115405.48,115545.43,115188.0,115538.9,154.30721
1758488400000,115307.52,115434.53,115250.01,115405.48,101.3744
1758484800000,115480.05,115503.47,115307.51,115307.51,93.55507
1758481200000,115530.89,115530.9,115318.02,115480.05,132.68903
1758477600000,115628.19,115665.52,115513.98,115530.9,173.87321
1758474000000,115316.01,115629.58,115249.94,115628.18,234.56593
1758470400000,115531.62,115549.9,115209.02,115316.0,239.98829
1758466800000,115500.0,115599.6,115473.19,115531.61,158.23691
1758463200000,115661.65,115691.15,115500.0,115500.01,192.82816
1758459600000,115683.59,115747.06,115645.2,115661.65,136.30562
1758456000000,115603.45,115747.23,115603.44,115683.59,183.94971
1758452400000,115522.31,115694.74,115522.31,115603.45,156.53082
1758448800000,115683.53,115708.33,115504.13,115522.31,111.62025
1758445200000,115629.6,115704.53,115329.03,115683.54,335.85586
1758441600000,115815.98,115819.06,115560.94,115629.6,182.84602
1758438000000,115687.21,115815.98,115615.0,115815.97,246.42642
1758434400000,115663.48,115787.39,115663.48,115687.2,201.84931
1758430800000,115494.23,115663.49,115487.56,115663.48,237.18676
1758427200000,115669.42,115669.42,115494.22,115494.23,121.47731
1758423600000,115690.76,115723.43,115616.38,115669.41,199.89426
1758420000000,115500.01,115700.0,115441.83,115690.76,321.18986
1758416400000,115660.01,115660.01,115500.0,115500.0,193.04313
1758412800000,115685.63,115732.94,115559.97,115660.01,204.93197
1758409200000,115776.06,115776.06,115603.42,115685.63,137.43212
1758405600000,115786.3,115796.54,115742.14,115776.06,169.22355
1758402000000,115721.1,115944.7,115721.1,115786.31,200.3631
1758398400000,115702.0,115789.57,115689.91,115721.1,163.21635
1758394800000,115711.51,115812.62,115698.08,115702.0,290.9007
1758391200000,115821.73,115821.73,115700.0,115711.51,191.99051
1758387600000,116027.95,116079.46,115817.28,115821.72,189.06923
1758384000000,115986.7,116057.24,115882.58,116027.94,226.24762
1758380400000,115970.36,116121.81,115946.91,115986.69,347.86651
1758376800000,115915.79,116036.0,115883.3,115970.36,209.62425
1758373200000,115874.5,115951.96,115859.48,115915.8,123.96705
1758369600000,115894.05,115950.89,115804.47,115874.49,155.45643
1758366000000,115747.54,115909.54,115747.54,115894.06,242.77605
1758362400000,115672.8,115798.16,115672.79,115747.54,170.36368
1758358800000,115701.43,115794.39,115664.11,115672.8,196.19831
1758355200000,115968.56,115968.57,115700.01,115701.43,183.70782
1758351600000,115700.47,115985.2,115683.47,115968.56,231.14483
1758348000000,115717.49,115724.34,115625.85,115700.46,159.86607
1758344400000,115568.41,115717.5,115512.63,115717.49,224.42562
1758340800000,115445.0,115582.38,115409.08,115568.41,144.02474
1758337200000,115606.4,115606.4,115408.47,115445.0,162.93905
1758333600000,115623.5,115623.51,115444.0,115606.39,154.74621
1758330000000,115723.72,115723.73,115610.84,115623.51,178.50409
1758326400000,115632.39,115730.41,115548.92,115723.73,220.87363
1758322800000,115613.21,115648.0,115448.01,115632.38,155.08032
1758319200000,115465.39,115657.28,115465.39,115613.21,139.86142
1758315600000,115342.56,115532.73,115306.07,115465.39,178.46294
1758312000000,115125.13,115445.23,115100.0,115342.57,338.84816
1758308400000,115407.49,115479.45,115112.58,115125.12,308.93231
1758304800000,115542.73,115644.73,115382.98,115407.49,388.78402
1758301200000,116088.68,116093.18,115538.67,115542.73,360.56628
1758297600000,115884.03,116136.0,115800.0,116088.68,355.37234
1758294000000,115899.99,115952.95,115464.19,115884.03,887.61948
1758290400000,116284.63,116479.11,115800.0,115899.99,846.39402
1758286800000,116162.45,116465.35,116075.0,116284.64,435.12378
1758283200000,116394.72,116529.08,116133.66,116162.45,488.73837
1758279600000,116532.68,116554.05,116300.0,116394.72,309.23241
1758276000000,116488.0,116551.54,116434.23,116532.68,289.26548
1758272400000,116915.88,116979.86,116488.0,116488.0,361.47256
1758268800000,116909.98,117090.36,116882.47,116915.88,283.85786
1758265200000,116669.76,116992.81,116665.0,116909.97,423.81384
1758261600000,116894.83,116894.83,116633.86,116669.75,430.54942
1758258000000,116990.65,117010.0,116780.75,116894.83,306.31482
1758254400000,116977.58,117100.0,116700.02,116990.65,377.41298
1758250800000,117112.81,117291.01,116871.61,116977.58,333.32919
1758247200000,117241.32,117285.99,117044.13,117112.8,395.51641
1758243600000,117424.21,117459.99,117118.21,117241.32,268.6749
1758240000000,117073.53,117427.7,117020.0,117424.2,328.86734
1758236400000,117061.02,117172.21,116612.03,117073.53,650.11136
1758232800000,117299.21,117334.8,117027.34,117061.02,345.51742
1758229200000,117521.14,117521.14,117299.21,117299.21,187.11636
1758225600000,117450.21,117657.17,117337.95,117521.14,192.47211
1758222000000,117822.98,117822.98,117196.33,117450.21,391.34362
1758218400000,117579.94,117900.0,117512.11,117822.97,474.53821
1758214800000,117565.59,117765.59,117418.45,117579.93,479.43176
1758211200000,117583.56,117789.0,117500.01,117565.6,483.30991
1758207600000,117640.54,117705.51,117322.41,117583.56,808.09852
1758204000000,117432.04,117843.83,117400.54,117640.54,711.59459
1758200400000,117124.69,117655.55,117004.28,117432.04,647.0176
1758196800000,117063.41,117279.0,116977.59,117124.69,249.62123
1758193200000,117190.48,117300.0,117013.77,117063.4,285.00282
1758189600000,117298.82,117307.5,117078.72,117190.47,236.63641
1758186000000,117229.58,117350.0,117107.57,117298.81,260.44715
1758182400000,117086.01,117413.04,117010.59,117229.59,383.66591
1758178800000,117102.43,117208.0,117048.81,117086.01,362.6272
1758175200000,117273.37,117338.05,116888.02,117102.43,474.42047
1758171600000,117605.16,117605.16,117176.1,117273.36,340.19852
1758168000000,117581.67,117750.0,117219.5,117605.16,612.3817
1758164400000,116950.46,117896.0,116896.93,117581.66,1879.7006
1758160800000,116634.84,116959.96,116429.55,116950.47,318.2136
1758157200000,116350.65,116869.46,116340.0,116634.84,440.77649
1758153600000,116447.6,116470.52,116092.76,116350.65,442.99009
1758150000000,116559.68,116990.68,116340.07,116447.59,836.73837
1758146400000,116038.39,116823.72,116038.39,116559.69,741.17447
1758142800000,115621.47,116120.0,115307.33,116038.39,336.05085
1758139200000,115652.02,116140.2,115496.68,115621.47,455.26463
1758135600000,115226.93,115989.2,115068.33,115652.02,955.04331
1758132000000,115504.49,116333.33,114720.81,115226.93,3427.38872
1758128400000,115640.76,116288.27,115500.0,115504.48,696.96558
1758124800000,115875.33,115875.33,115386.21,115640.77,659.4146
1758121200000,115606.62,115886.17,115527.48,115875.32,581.89144
1758117600000,116107.18,116240.0,115432.0,115606.61,1214.53614
1758114000000,116204.94,116330.75,115905.88,116107.19,664.85629
1758110400000,116258.12,116516.93,116096.41,116204.94,387.04674
1758106800000,116359.14,116383.87,116253.27,116258.13,282.02162
1758103200000,116550.01,116604.26,116267.44,116359.14,356.93808
1758099600000,116860.01,116860.01,116548.88,116550.01,380.39506
1758096000000,117162.48,117189.86,116683.99,116860.0,635.73334
1758092400000,117234.28,117275.0,117125.78,117162.48,557.97471
1758088800000,117108.31,117286.73,116970.41,117234.27,770.01131
1758085200000,116313.5,117214.0,116313.49,117108.3,894.88999
1758081600000,116372.05,116480.01,116160.22,116313.49,262.15716
1758078000000,116686.43,116758.83,116371.81,116372.04,377.8305
1758074400000,116662.25,117077.16,116556.52,116686.43,742.4537
1758070800000,116560.01,116768.0,116516.92,116662.25,267.74519
1758067200000,116788.96,116832.0,116560.0,116560.01,269.7236
1758063600000,116855.58,116920.46,116632.0,116788.96,262.99472
1758060000000,116800.51,116964.27,116694.73,116855.58,312.66858
1758056400000,116839.47,116940.26,116584.45,116800.51,295.98351
1758052800000,116800.13,116908.83,116722.56,116839.47,367.21592
1758049200000,116418.87,116820.0,116395.6,116800.12,525.61626
1758045600000,116461.55,116776.66,116226.12,116418.86,486.09455
1758042000000,116068.05,116870.76,116056.99,116461.54,1252.39334
1758038400000,115905.88,116068.92,115608.28,116068.06,691.27604
1758034800000,115296.86,115905.89,115010.66,115905.88,653.80057
1758031200000,115200.0,115306.71,114811.0,115296.86,607.41382
1758027600000,115439.36,115558.06,114737.11,115200.0,1064.59506
1758024000000,115287.84,115460.2,115287.38,115439.36,296.84884
1758020400000,115372.47,115431.52,115206.15,115287.83,303.19825
1758016800000,115477.28,115590.49,115372.35,115372.46,292.6133
1758013200000,115658.76,115720.0,115443.65,115477.27,286.71309
1758009600000,115839.99,115981.17,115526.5,115658.76,463.00777
1758006000000,115770.36,115886.17,115724.41,115840.0,319.02367
1758002400000,115936.65,116009.62,115591.57,115770.35,449.53079
1757998800000,115503.02,115957.23,115454.3,115936.65,685.43114
1757995200000,115307.26,115560.01,114930.0,115503.01,446.01382
1757991600000,115034.48,115426.49,115034.44,115307.25,236.03187
1757988000000,115024.24,115227.51,115024.23,115034.47,151.83383
1757984400000,115088.66,115520.0,115008.69,115024.24,232.3498
1757980800000,115349.71,115349.71,114945.01,115088.66,244.26086
1757977200000,115288.01,115476.0,115232.58,115349.71,177.94328
1757973600000,115528.0,115605.07,115221.68,115288.01,235.69782
1757970000000,115380.0,115538.55,115283.49,115528.0,170.93694
1757966400000,115307.78,115515.41,115200.07,115379.99,325.59706
1757962800000,115307.79,115570.0,114975.66,115307.78,685.41151
1757959200000,115120.02,115360.54,114904.16,115307.79,538.96072
1757955600000,114662.58,115130.0,114600.0,115120.03,284.01648
1757952000000,114842.9,114922.59,114600.0,114662.57,364.30154
1757948400000,114679.55,114909.4,114404.43,114842.9,564.69333
1757944800000,114664.07,115029.81,114450.28,114679.56,775.27929
1757941200000,114721.03,115099.0,114384.0,114664.08,1056.42151
1757937600000,115070.01,115074.51,114671.75,114721.04,599.02223
1757934000000,114769.03,115195.86,114740.97,115070.0,565.80309
1757930400000,114868.6,114954.83,114720.69,114769.04,532.63649
1757926800000,114737.28,115188.0,114625.87,114868.59,1072.97754
1757923200000,115806.62,115806.62,114709.18,114737.27,1325.86164
1757919600000,116130.0,116400.0,115626.96,115806.62,605.7335
1757916000000,116519.13,116757.99,116043.01,116129.99,559.85108
1757912400000,116058.01,116583.47,116019.05,116520.0,781.40763
1757908800000,115445.46,116168.26,115400.0,116058.01,698.45937
1757905200000,115362.35,115594.9,115347.91,115445.45,223.493
1757901600000,115231.69,115443.29,115214.55,115362.35,184.52455
1757898000000,115071.32,115283.5,114825.0,115231.69,362.37165
1757894400000,115268.01,115276.49,114972.29,115071.32,521.11024
1757890800000,116009.62,116009.62,115135.0,115268.01,439.25947
1757887200000,116059.48,116076.89,115810.22,116009.61,262.34337
1757883600000,115802.16,116087.35,115607.99,116058.88,349.40859
1757880000000,115634.99,115851.26,115634.99,115802.16,116.11592
1757876400000,115388.21,115635.0,115330.99,115634.99,132.66154
1757872800000,115557.65,115557.66,115375.05,115388.21,161.60603
1757869200000,115480.0,115657.5,115413.46,115557.65,290.60711
1757865600000,115224.01,115540.0,115193.9,115480.0,284.25459
1757862000000,115401.75,115419.1,115200.4,115224.01,351.71527
1757858400000,115348.1,115691.04,115141.8,115401.75,750.31099
1757854800000,115776.31,115776.32,115217.01,115348.1,617.50773
1757851200000,115794.92,115878.49,115662.62,115776.31,316.9787
1757847600000,116027.25,116100.0,115748.78,115794.91,275.05839
1757844000000,116052.1,116132.85,115955.57,116027.26,156.38468
1757840400000,115933.4,116165.19,115905.88,116052.09,271.65824
1757836800000,115805.39,115983.02,115759.44,115933.4,137.30583
1757833200000,115734.24,115838.41,115734.23,115805.39,212.00183
1757829600000,115860.01,115936.0,115693.95,115734.23,196.84102
1757826000000,115751.0,115924.69,115735.58,115860.01,258.07375
1757822400000,115679.99,115768.0,115449.59,115750.99,247.86689
1757818800000,115852.95,115869.99,115651.99,115679.98,272.91216
1757815200000,115962.92,116109.0,115750.0,115852.95,267.49819
1757811600000,115935.61,115990.2,115744.67,115962.93,185.94891
1757808000000,115918.29,116000.0,115815.13,115935.6,153.28277
1757804400000,115871.58,115979.99,115861.39,115918.29,146.1408
1757800800000,115895.4,115944.64,115809.9,115871.58,159.45156
1757797200000,115905.88,115972.52,115839.98,115895.39,234.38734
1757793600000,115797.12,115991.29,115797.11,115905.88,220.70474
1757790000000,115633.91,115800.88,115570.78,115797.12,263.39165
1757786400000,115571.79,115653.26,115433.09,115633.92,160.49564
1757782800000,115333.99,115587.49,115180.0,115571.78,465.25625
1757779200000,115768.68,115817.37,115127.27,115334.0,700.8183
1757775600000,115797.67,115924.6,115619.57,115768.68,290.44971
1757772000000,115761.06,115950.0,115603.98,115797.68,438.72685
1757768400000,116002.91,116002.91,115621.65,115761.05,440.12472
1757764800000,115974.11,116060.0,115872.82,116002.91,204.03439
1757761200000,115937.99,116005.82,115888.0,115974.11,263.75402
1757757600000,116035.32,116166.71,115916.41,115937.99,318.28855
1757754000000,115978.01,116038.14,115871.26,116035.33,294.98775
1757750400000,115778.72,116056.17,115767.33,115978.01,351.87471
1757746800000,115750.0,115855.89,115702.39,115778.71,242.78688
1757743200000,115704.03,115802.16,115662.2,115749.99,251.18163
1757739600000,115698.4,115845.46,115657.81,115704.04,253.6123
1757736000000,115957.0,115957.01,115685.6,115698.4,314.62389
1757732400000,115886.16,116012.91,115837.98,115957.0,823.27412
1757728800000,115764.3,115991.29,115686.47,115886.17,322.19761
1757725200000,116209.32,116275.81,115576.26,115764.3,632.36146
1757721600000,116029.41,116298.78,115959.59,116209.32,476.47907
1757718000000,116027.46,116161.37,115929.06,116029.42,348.17094
1757714400000,115865.89,116360.43,115865.89,116027.46,494.01734
1757710800000,116157.34,116157.34,115752.68,115865.89,385.45605
1757707200000,116632.51,116632.51,115974.0,116157.33,898.27059
1757703600000,116486.19,116665.63,116238.64,116632.51,1368.73979
1757700000000,115815.16,116495.0,115769.88,116486.18,1014.39133
1757696400000,115495.56,115939.39,115395.66,115815.16,944.1093
1757692800000,115121.18,115514.77,115030.3,115495.56,536.60395
1757689200000,115260.0,115294.1,114939.53,115121.18,329.84108
1757685600000,115166.46,115500.95,114865.3,115260.0,719.98267
1757682000000,115083.98,115214.29,114822.77,115166.45,371.74126
1757678400000,114913.45,115172.57,114740.99,115083.97,620.574
1757674800000,114980.84,115148.0,114901.03,114913.45,427.23394
1757671200000,115048.0,115093.49,114926.42,114980.85,227.81735
1757667600000,115047.99,115127.05,114888.01,115048.01,372.62834
1757664000000,115086.7,115273.12,114950.0,115048.0,931.11012
1757660400000,115318.01,115405.79,115086.7,115086.7,495.74469
1757656800000,115612.84,115612.85,115260.38,115318.0,301.68688
1757653200000,115360.0,115656.87,115320.27,115612.84,397.97519
1757649600000,115194.14,115509.65,115086.82,115359.99,435.01083
1757646000000,115391.0,115429.46,115045.45,115194.14,556.98098
1757642400000,115377.29,115663.05,115256.64,115391.0,535.95115
1757638800000,115840.69,116016.91,115371.13,115377.29,774.94414
1757635200000,115482.69,116331.81,115420.87,115840.69,1835.12528
1757631600000,115084.01,115488.09,115084.0,115482.69,428.17321
1757628000000,114482.7,115266.45,114435.63,115084.0,1104.63013
1757624400000,114395.98,114517.6,114395.98,114482.69,190.78211
1757620800000,114420.0,114487.53,114246.04,114395.99,308.36329
1757617200000,114312.35,114525.0,114182.04,114419.99,348.31986
1757613600000,114589.84,114605.54,114102.0,114312.35,416.47348
1757610000000,114487.53,114593.29,114328.52,114589.84,372.57383
1757606400000,114180.32,114588.98,114180.31,114487.53,300.34694
1757602800000,114463.73,114699.25,113996.19,114180.31,553.38549
1757599200000,114630.06,114667.45,113927.6,114463.73,759.30317
1757595600000,113975.99,114715.02,113430.0,114628.08,1458.85001
1757592000000,113999.99,114500.0,113500.0,113975.99,2372.1547
1757588400000,114062.31,114112.0,113887.98,113999.99,400.8921
1757584800000,113895.3,114119.4,113891.45,114062.32,373.92428
1757581200000,114049.39,114075.11,113776.0,113895.29,430.23419
1757577600000,114083.58,114200.0,113972.0,114049.39,307.55276
1757574000000,114324.65,114326.52,113957.2,114083.58,465.05247
1757570400000,114266.0,114459.65,114076.92,114324.64,409.80916
1757566800000,114158.29,114348.52,113966.46,114266.0,589.97492
1757563200000,114400.01,114400.01,114071.81,114158.29,489.3063
1757559600000,113819.02,114434.23,113819.01,114400.01,552.73536
1757556000000,113903.23,113953.99,113716.0,113819.02,230.50973
1757552400000,113885.7,114176.66,113831.33,113903.23,380.8102
1757548800000,113960.0,114008.87,113669.82,113885.7,432.5735
1757545200000,113881.21,114025.78,113788.0,113960.0,402.83522
1757541600000,113842.54,113992.39,113713.63,113881.2,264.24584
1757538000000,113566.4,113845.18,113528.01,113842.53,256.17247
1757534400000,113574.53,113900.0,113553.26,113566.39,611.07657
1757530800000,113584.84,113617.09,113155.03,113574.52,744.45366
1757527200000,113738.01,113896.94,113347.39,113584.85,688.96812
1757523600000,113759.88,114074.46,113415.2,113738.01,617.65367
1757520000000,113853.99,113936.99,113553.74,113759.89,577.39326
1757516400000,113900.0,114095.66,113723.21,113853.99,682.44215
1757512800000,113951.99,114295.63,113802.14,113899.99,1035.28455
1757509200000,113413.5,114313.13,113384.61,113952.0,2112.22655
1757505600000,112300.0,113550.14,112299.99,113413.51,2800.76749
1757502000000,112270.0,112409.49,112148.49,112299.99,422.47932
1757498400000,112274.29,112422.63,112199.19,112270.01,532.10538
1757494800000,112370.07,112428.29,112097.2,112274.29,619.63175
1757491200000,112553.65,112859.8,112336.28,112370.08,1005.38091
1757487600000,111792.34,112602.35,111760.69,112553.65,1232.32394
1757484000000,111577.31,111969.57,111396.08,111792.33,503.80753
1757480400000,111520.43,111729.65,111372.42,111577.31,436.99878
1757476800000,111545.88,111647.38,111410.83,111520.43,304.12835
1757473200000,111411.13,111586.26,111372.08,111545.88,263.91729
1757469600000,111005.63,111551.04,111005.63,111411.13,492.50873
1757466000000,111010.47,111224.53,110917.45,111005.64,419.72999
1757462400000,111546.38,111572.57,110942.33,111010.46,490.88671
1757458800000,111556.15,111583.81,111362.94,111546.39,315.90146
1757455200000,111299.61,111630.31,111266.11,111556.16,207.57487
1757451600000,111530.15,111745.69,111270.75,111299.61,463.86358
1757448000000,111301.53,111530.16,111090.07,111530.16,761.02989
1757444400000,111131.92,111388.04,111124.17,111301.53,277.49178
1757440800000,111025.43,111298.16,110900.02,111131.92,495.6204
1757437200000,110975.99,111193.39,110898.28,111025.44,539.75817
1757433600000,110880.76,111148.17,110788.0,110975.99,808.62492
1757430000000,111767.45,111847.23,110766.66,110880.76,1649.92992
1757426400000,112760.58,112950.0,111511.11,111767.45,1958.50565
1757422800000,112671.76,112932.18,112470.18,112760.58,656.61339
1757419200000,112433.59,112824.0,112393.4,112671.76,397.08345
1757415600000,112732.62,112800.0,112403.91,112433.59,325.19749
1757412000000,112966.54,113040.0,112635.38,112732.62,631.93421
1757408400000,112992.69,113057.99,112900.0,112966.54,367.43684
1757404800000,112991.11,113176.51,112886.93,112992.69,524.35168
1757401200000,113022.62,113293.29,112753.61,112991.11,978.74308
1757397600000,112200.01,113156.65,112151.16,113022.61,1080.72151
1757394000000,112024.01,112248.84,111851.52,112200.0,298.70562
1757390400000,111708.01,112110.99,111624.12,112024.01,548.42419
1757386800000,111330.72,111740.61,111234.16,111708.0,314.74637
1757383200000,111364.73,111442.95,111111.0,111330.71,536.02045
1757379600000,111650.03,111748.54,111258.3,111364.73,520.52157
1757376000000,112065.23,112104.41,111459.87,111650.03,720.48199
